position,year,title.href,title,artist,lyrics,decade,song_key
2,1970,https://en.wikipedia.org/wiki/(They_Long_to_Be)_Close_to_You,(They Long to Be) Close to You,The Carpenters,x,1970,1970-2
7,1970,https://en.wikipedia.org/wiki/I%27ll_Be_There_(The_Jackson_5_song),I'll Be There,The Jackson 5,x,1970,1970-7
9,1970,https://en.wikipedia.org/wiki/Let_It_Be_(song),Let It Be,The Beatles,x,1970,1970-9
15,1970,https://en.wikipedia.org/wiki/ABC_(song),ABC,The Jackson 5,x,1970,1970-15
16,1970,https://en.wikipedia.org/wiki/The_Love_You_Save,The Love You Save,The Jackson 5,x,1970,1970-16
18,1970,https://en.wikipedia.org/wiki/Candida_(song),Candida,Dawn,x,1970,1970-18
19,1970,https://en.wikipedia.org/wiki/Thank_You_(Falettinme_Be_Mice_Elf_Agin),Thank You (Falettinme Be Mice Elf Agin),Sly and the Family Stone,x,1970,1970-19
21,1970,https://en.wikipedia.org/wiki/O-o-h_Child,O-o-h Child,Five Stairsteps,x,1970,1970-21
24,1970,https://en.wikipedia.org/wiki/Ball_of_Confusion_(That%27s_What_the_World_Is_Today),Ball of Confusion (That's What the World Is Today),The Temptations,x,1970,1970-24
26,1970,,Which Way You Goin' Billy?,The Poppy Family,x,1970,1970-26
28,1970,https://en.wikipedia.org/wiki/I_Want_You_Back,I Want You Back,The Jackson 5,x,1970,1970-28
32,1970,https://en.wikipedia.org/wiki/Ride_Captain_Ride,Ride Captain Ride,Blues Image,x,1970,1970-32
40,1970,https://en.wikipedia.org/wiki/Love_Grows_(Where_My_Rosemary_Goes),Love Grows (Where My Rosemary Goes),Edison Lighthouse,x,1970,1970-40
45,1970,https://en.wikipedia.org/wiki/The_Rapper,The Rapper,The Jaggerz,x,1970,1970-45
46,1970,"https://en.wikipedia.org/wiki/He_Ain%27t_Heavy,_He%27s_My_Brother","He Ain't Heavy, He's My Brother",The Hollies,x,1970,1970-46
52,1970,https://en.wikipedia.org/wiki/Lola_(song),Lola,The Kinks,x,1970,1970-52
58,1970,https://en.wikipedia.org/wiki/Still_Water_(Love),Still Water (Love),The Four Tops,x,1970,1970-58
60,1970,https://en.wikipedia.org/wiki/The_House_of_the_Rising_Sun,The House of the Rising Sun,Frijid Pink,x,1970,1970-60
65,1970,https://en.wikipedia.org/wiki/We%27ve_Only_Just_Begun,We've Only Just Begun,The Carpenters,x,1970,1970-65
71,1970,https://en.wikipedia.org/wiki/Didn%27t_I_(Blow_Your_Mind_This_Time),Didn't I (Blow Your Mind This Time),The Delfonics,x,1970,1970-71
74,1970,,(If You Let Me Make Love To You Then) Why Can't I Touch You?,Ronnie Dyson,x,1970,1970-74
79,1970,https://en.wikipedia.org/wiki/I_Want_to_Take_You_Higher,I Want to Take You Higher,Ike and Tina Turner,x,1970,1970-79
84,1970,,Somebody's Been Sleeping,100 Proof (Aged in Soul),x,1970,1970-84
85,1970,,Vehicle,The Ides of March,x,1970,1970-85
88,1970,https://en.wikipedia.org/wiki/Up_the_Ladder_to_the_Roof,Up the Ladder to the Roof,The Supremes,x,1970,1970-88
91,1970,https://en.wikipedia.org/wiki/Psychedelic_Shack_(song),Psychedelic Shack,The Temptations,x,1970,1970-91
93,1970,,Are You Ready?,Pacific Gas and Electric,x,1970,1970-93
94,1970,https://en.wikipedia.org/wiki/Woodstock_(song),Woodstock,"Crosby, Stills, Nash and Young",x,1970,1970-94
96,1970,,Look What They've Done to My Song Ma,The New Seekers,x,1970,1970-96
98,1970,https://en.wikipedia.org/wiki/The_Thrill_Is_Gone_(1951_song),The Thrill Is Gone,B.B. King,x,1970,1970-98
4,1971,https://en.wikipedia.org/wiki/One_Bad_Apple,One Bad Apple,The Osmonds,x,1970,1971-4
6,1971,https://en.wikipedia.org/wiki/Indian_Reservation_(The_Lament_of_the_Cherokee_Reservation_Indian),Indian Reservation (The Lament of the Cherokee Reservation Indian),Paul Revere and the Raiders,x,1970,1971-6
9,1971,https://en.wikipedia.org/wiki/Just_My_Imagination_(Running_Away_with_Me),Just My Imagination (Running Away with Me),The Temptations,x,1970,1971-9
14,1971,https://en.wikipedia.org/wiki/Smiling_Faces_Sometimes,Smiling Faces Sometimes,The Undisputed Truth,x,1970,1971-14
18,1971,https://en.wikipedia.org/wiki/Brown_Sugar_(song),Brown Sugar,The Rolling Stones,x,1970,1971-18
22,1971,https://en.wikipedia.org/wiki/Uncle_Albert/Admiral_Halsey,Uncle Albert/Admiral Halsey,Paul,x,1970,1971-22
29,1971,,Temptation Eyes,The Grass Roots,x,1970,1971-29
30,1971,https://en.wikipedia.org/wiki/Superstar_(Delaney_and_Bonnie_song),Superstar,The Carpenters,x,1970,1971-30
35,1971,https://en.wikipedia.org/wiki/For_All_We_Know_(1970_song),For All We Know,The Carpenters,x,1970,1971-35
37,1971,https://en.wikipedia.org/wiki/Rainy_Days_and_Mondays,Rainy Days and Mondays,The Carpenters,x,1970,1971-37
39,1971,"https://en.wikipedia.org/wiki/Gypsys,_Tramps_%26_Thieves","Gypsys, Tramps and Thieves",Cher,x,1970,1971-39
40,1971,https://en.wikipedia.org/wiki/Never_Can_Say_Goodbye,Never Can Say Goodbye,The Jackson 5,x,1970,1971-40
48,1971,https://en.wikipedia.org/wiki/If_You_Really_Love_Me,If You Really Love Me,Stevie Wonder,x,1970,1971-48
51,1971,https://en.wikipedia.org/wiki/Yo-Yo_(Billy_Joe_Royal_song),Yo-Yo,The Osmonds,x,1970,1971-51
55,1971,https://en.wikipedia.org/wiki/Proud_Mary,Proud Mary,Ike and Tina Turner,x,1970,1971-55
57,1971,,Stay Awhile,The Bells,x,1970,1971-57
58,1971,https://en.wikipedia.org/wiki/Sweet_City_Woman,Sweet City Woman,The Stampeders,x,1970,1971-58
64,1971,,She's Not Just Another Woman,8th Day,x,1970,1971-64
67,1971,,Never Ending Song of Love,Delaney and Bonnie,x,1970,1971-67
72,1971,https://en.wikipedia.org/wiki/(Where_Do_I_Begin%3F)_Love_Story,(Where Do I Begin?) Love Story,Andy Williams,x,1970,1971-72
83,1971,,Here Comes That Rainy Day Feeling Again,The Fortunes,x,1970,1971-83
84,1971,https://en.wikipedia.org/wiki/Won%27t_Get_Fooled_Again,Won't Get Fooled Again,The Who,x,1970,1971-84
86,1971,https://en.wikipedia.org/wiki/Mama%27s_Pearl,Mama's Pearl,The Jackson 5,x,1970,1971-86
87,1971,https://en.wikipedia.org/wiki/Timothy_(song),Timothy,The Buoys,x,1970,1971-87
91,1971,https://en.wikipedia.org/wiki/I_Am...I_Said,I Am...I Said,Neil Diamond,x,1970,1971-91
92,1971,https://en.wikipedia.org/wiki/The_Wedding_Song_(There_Is_Love),The Wedding Song (There Is Love),Paul Stookey,x,1970,1971-92
93,1971,https://en.wikipedia.org/wiki/Don%27t_Knock_My_Love,Don't Knock My Love,Wilson Pickett,x,1970,1971-93
94,1971,https://en.wikipedia.org/wiki/Love_Her_Madly,Love Her Madly,The Doors,x,1970,1971-94
97,1971,,Right on the Tip of My Tongue,Brenda and the Tabulations,x,1970,1971-97
98,1971,https://en.wikipedia.org/wiki/One_Less_Bell_to_Answer,One Less Bell to Answer,The 5th Dimension,x,1970,1971-98
99,1971,https://en.wikipedia.org/wiki/Riders_on_the_Storm,Riders on the Storm,The Doors,x,1970,1971-99
100,1971,https://en.wikipedia.org/wiki/Somos_Novios_(It%27s_Impossible),Somos Novios (It's Impossible),Perry Como,x,1970,1971-100
5,1972,https://en.wikipedia.org/wiki/The_Candy_Man,The Candy Man,"Sammy Davis, Jr.",x,1970,1972-5
22,1972,https://en.wikipedia.org/wiki/Outa-Space,Outa-Space,Billy Preston,x,1970,1972-22
24,1972,https://en.wikipedia.org/wiki/Long_Cool_Woman_in_a_Black_Dress,Long Cool Woman in a Black Dress,The Hollies,x,1970,1972-24
28,1972,https://en.wikipedia.org/wiki/Popcorn_(instrumental),Popcorn,Hot Butter,x,1970,1972-28
31,1972,https://en.wikipedia.org/wiki/(Last_Night)_I_Didn%27t_Get_to_Sleep_at_All,(Last Night) I Didn't Get to Sleep at All,The 5th Dimension,x,1970,1972-31
32,1972,https://en.wikipedia.org/wiki/Nights_in_White_Satin,Nights in White Satin,The Moody Blues,x,1970,1972-32
35,1972,https://en.wikipedia.org/wiki/Back_Stabbers_(song),Back Stabbers,The O'Jays,x,1970,1972-35
36,1972,https://en.wikipedia.org/wiki/Down_by_the_Lazy_River,Down by the Lazy River,The Osmonds,x,1970,1972-36
43,1972,,Scorpio,Dennis Coffey,x,1970,1972-43
51,1972,https://en.wikipedia.org/wiki/Jungle_Fever_(song),Jungle Fever,The Chakachas,x,1970,1972-51
55,1972,https://en.wikipedia.org/wiki/The_Happiest_Girl_in_the_Whole_U.S.A._(song),The Happiest Girl in the Whole U.S.A.,Donna Fargo,x,1970,1972-55
56,1972,https://en.wikipedia.org/wiki/Get_It_On_(T._Rex_song),Get It On,T. Rex,x,1970,1972-56
64,1972,https://en.wikipedia.org/wiki/Sylvia%27s_Mother,Sylvia's Mother,Dr. Hook and The Medicine Show,x,1970,1972-64
65,1972,https://en.wikipedia.org/wiki/Hurting_Each_Other,Hurting Each Other,The Carpenters,x,1970,1972-65
69,1972,https://en.wikipedia.org/wiki/Hot_Rod_Lincoln,Hot Rod Lincoln,Commander Cody and His Lost Planet Airmen,x,1970,1972-69
70,1972,https://en.wikipedia.org/wiki/A_Cowboy%27s_Work_Is_Never_Done,A Cowboy's Work Is Never Done,Sonny and Cher,x,1970,1972-70
71,1972,,Joy,Apollo 100,x,1970,1972-71
79,1972,https://en.wikipedia.org/wiki/Family_Affair_(Sly_and_the_Family_Stone_song),Family Affair,Sly and the Family Stone,x,1970,1972-79
93,1972,https://en.wikipedia.org/wiki/I%27d_Like_to_Teach_the_World_to_Sing_(In_Perfect_Harmony),I'd Like to Teach the World to Sing (In Perfect Harmony),The New Seekers,x,1970,1972-93
95,1972,,Baby Let Me Take You (In My Arms),The Detroit Emeralds,x,1970,1972-95
97,1972,https://en.wikipedia.org/wiki/I%27d_Like_to_Teach_the_World_to_Sing_(In_Perfect_Harmony),I'd Like to Teach the World to Sing (In Perfect Harmony),The Hillside Singers,x,1970,1972-97
100,1972,https://en.wikipedia.org/wiki/Pop_That_Thang,Pop That Thang,The Isley Brothers,x,1970,1972-100
5,1973,https://en.wikipedia.org/wiki/My_Love_(Paul_McCartney_%26_Wings_song),My Love,Paul McCartney and Wings,x,1970,1973-5
16,1973,https://en.wikipedia.org/wiki/Frankenstein_(instrumental),Frankenstein,Edgar Winter Group,x,1970,1973-16
21,1973,https://en.wikipedia.org/wiki/That_Lady_(song),That Lady,The Isley Brothers,x,1970,1973-21
24,1973,"https://en.wikipedia.org/wiki/Right_Place,_Wrong_Time_(Dr._John_song)",Right Place Wrong Time,Dr. John,x,1970,1973-24
32,1973,https://en.wikipedia.org/wiki/Love_Train,Love Train,The O'Jays,x,1970,1973-32
33,1973,https://en.wikipedia.org/wiki/I%27m_Gonna_Love_You_Just_a_Little_More_Baby,I'm Gonna Love You Just a Little More Baby,Barry White,x,1970,1973-33
40,1973,https://en.wikipedia.org/wiki/Diamond_Girl_(Seals_and_Crofts_song),Diamond Girl,Seals and Crofts,x,1970,1973-40
41,1973,https://en.wikipedia.org/wiki/Long_Train_Runnin%27,Long Train Runnin',The Doobie Brothers,x,1970,1973-41
45,1973,https://en.wikipedia.org/wiki/Neither_One_of_Us_(Wants_to_Be_the_First_to_Say_Goodbye),Neither One of Us (Wants to Be the First to Say Goodbye),Gladys Knight and the Pips,x,1970,1973-45
51,1973,https://en.wikipedia.org/wiki/The_Cover_of_the_Rolling_Stone,The Cover of the Rolling Stone,Dr. Hook and The Medicine Show,x,1970,1973-51
55,1973,,The Cisco Kid,War,x,1970,1973-55
56,1973,https://en.wikipedia.org/wiki/Live_and_Let_Die_(song),Live and Let Die,Paul McCartney and Wings,x,1970,1973-56
57,1973,"https://en.wikipedia.org/wiki/Oh,_Babe,_What_Would_You_Say%3F","Oh, Babe, What Would You Say?",Hurricane Smith,x,1970,1973-57
59,1973,https://en.wikipedia.org/wiki/Sing_(The_Carpenters_song),Sing,The Carpenters,x,1970,1973-59
60,1973,https://en.wikipedia.org/wiki/Ain%27t_No_Woman_(Like_the_One_I%27ve_Got),Ain't No Woman (Like the One I've Got),The Four Tops,x,1970,1973-60
61,1973,https://en.wikipedia.org/wiki/Dueling_Banjos,Dueling Banjos,Eric Weissberg,x,1970,1973-61
62,1973,https://en.wikipedia.org/wiki/Higher_Ground_(Stevie_Wonder_song),Higher Ground,Stevie Wonder,x,1970,1973-62
64,1973,https://en.wikipedia.org/wiki/My_Maria,My Maria,B.W. Stevenson,x,1970,1973-64
69,1973,https://en.wikipedia.org/wiki/Hocus_Pocus_(instrumental),Hocus Pocus,Focus,x,1970,1973-69
70,1973,https://en.wikipedia.org/wiki/Yesterday_Once_More_(song),Yesterday Once More,The Carpenters,x,1970,1973-70
77,1973,https://en.wikipedia.org/wiki/Do_You_Wanna_Dance%3F,Do You Wanna Dance?,Bette Midler,x,1970,1973-77
78,1973,https://en.wikipedia.org/wiki/Rockin%27_Pneumonia_and_the_Boogie_Woogie_Flu,Rockin' Pneumonia and the Boogie Woogie Flu,Johnny Rivers,x,1970,1973-78
79,1973,https://en.wikipedia.org/wiki/Ramblin%27_Man_(The_Allman_Brothers_Band_song),Ramblin' Man,The Allman Brothers Band,x,1970,1973-79
80,1973,https://en.wikipedia.org/wiki/Masterpiece_(The_Temptations_song),Masterpiece,The Temptations,x,1970,1973-80
85,1973,https://en.wikipedia.org/wiki/Angie_(song),Angie,The Rolling Stones,x,1970,1973-85
86,1973,https://en.wikipedia.org/wiki/Jambalaya_(On_the_Bayou),Jambalaya (On the Bayou),Blue Ridge Rangers,x,1970,1973-86
90,1973,https://en.wikipedia.org/wiki/Also_Sprach_Zarathustra_(2001),Also Sprach Zarathustra (2001),Deodato,x,1970,1973-90
95,1973,https://en.wikipedia.org/wiki/Yes_We_Can_Can,Yes We Can Can,The Pointer Sisters,x,1970,1973-95
96,1973,https://en.wikipedia.org/wiki/Free_Ride_(song),Free Ride,Edgar Winter Group,x,1970,1973-96
100,1973,https://en.wikipedia.org/wiki/Papa_Was_a_Rollin%27_Stone,Papa Was a Rollin' Stone,The Temptations,x,1970,1973-100
3,1974,https://en.wikipedia.org/wiki/Love%27s_Theme,Love's Theme,Love Unlimited Orchestra,x,1970,1974-3
5,1974,https://en.wikipedia.org/wiki/Dancing_Machine,Dancing Machine,The Jackson 5,x,1970,1974-5
11,1974,https://en.wikipedia.org/wiki/Until_You_Come_Back_to_Me_(That%27s_What_I%27m_Gonna_Do),Until You Come Back to Me (That's What I'm Gonna Do),Aretha Franklin,x,1970,1974-11
19,1974,https://en.wikipedia.org/wiki/Sideshow_(song),Sideshow,Blue Magic,x,1970,1974-19
22,1974,https://en.wikipedia.org/wiki/Band_on_the_Run_(song),Band on the Run,Paul McCartney and Wings,x,1970,1974-22
23,1974,https://en.wikipedia.org/wiki/The_Most_Beautiful_Girl,The Most Beautiful Girl,Charlie Rich,x,1970,1974-23
31,1974,https://en.wikipedia.org/wiki/You%27re_Sixteen,You're Sixteen,Ringo Starr,x,1970,1974-31
34,1974,https://en.wikipedia.org/wiki/You%27re_the_Best_Thing_That_Ever_Happened_to_Me,Best Thing That Ever Happened to Me,Gladys Knight and the Pips,x,1970,1974-34
39,1974,https://en.wikipedia.org/wiki/Top_of_the_World_(The_Carpenters_song),Top of the World,The Carpenters,x,1970,1974-39
40,1974,https://en.wikipedia.org/wiki/The_Joker_(song),The Joker,Steve Miller Band,x,1970,1974-40
43,1974,https://en.wikipedia.org/wiki/Rock_the_Boat_(The_Hues_Corporation_song),Rock the Boat,The Hues Corporation,x,1970,1974-43
47,1974,https://en.wikipedia.org/wiki/Then_Came_You_(song),Then Came You,Dionne Warwick,x,1970,1974-47
48,1974,https://en.wikipedia.org/wiki/The_Entertainer_(rag),The Entertainer,Marvin Hamlisch,x,1970,1974-48
50,1974,https://en.wikipedia.org/wiki/The_Air_That_I_Breathe,The Air That I Breathe,The Hollies,x,1970,1974-50
56,1974,https://en.wikipedia.org/wiki/Tell_Me_Something_Good,Tell Me Something Good,Rufus,x,1970,1974-56
62,1974,https://en.wikipedia.org/wiki/Eres_t%C3%BA_(Mocedades_song),Eres tú,Mocedades,x,1970,1974-62
68,1974,,Put Your Hands Together,The O'Jays,x,1970,1974-68
73,1974,https://en.wikipedia.org/wiki/(I%27ve_Been)_Searchin%27_So_Long,(I've Been) Searchin' So Long,Chicago,x,1970,1974-73
75,1974,https://en.wikipedia.org/wiki/For_the_Love_of_Money,For the Love of Money,The O'Jays,x,1970,1974-75
77,1974,https://en.wikipedia.org/wiki/Jet_(song),Jet,Paul McCartney and Wings,x,1970,1974-77
79,1974,,Tubular Bells,Mike Oldfield,x,1970,1974-79
81,1974,https://en.wikipedia.org/wiki/I%27m_Leaving_It_Up_to_You,I'm Leaving It Up to You,Donny,x,1970,1974-81
83,1974,https://en.wikipedia.org/wiki/I_Love,I Love,Tom T. Hall,x,1970,1974-83
92,1974,https://en.wikipedia.org/wiki/Helen_Wheels,Helen Wheels,Paul McCartney and Wings,x,1970,1974-92
94,1974,https://en.wikipedia.org/wiki/Beach_Baby,Beach Baby,The First Class,x,1970,1974-94
100,1974,https://en.wikipedia.org/wiki/Mighty_Love_(song),Mighty Love,The Spinners,x,1970,1974-100
6,1975,"https://en.wikipedia.org/wiki/Shining_Star_(Earth,_Wind_%26_Fire_song)",Shining Star,"Earth, Wind and Fire",x,1970,1975-6
9,1975,https://en.wikipedia.org/wiki/One_of_These_Nights_(song),One of These Nights,Eagles,x,1970,1975-9
12,1975,https://en.wikipedia.org/wiki/Best_of_My_Love_(Eagles_song),Best of My Love,Eagles,x,1970,1975-12
15,1975,https://en.wikipedia.org/wiki/Black_Water_(song),Black Water,The Doobie Brothers,x,1970,1975-15
16,1975,https://en.wikipedia.org/wiki/The_Ballroom_Blitz,The Ballroom Blitz,Sweet,x,1970,1975-16
17,1975,https://en.wikipedia.org/wiki/(Hey_Won%27t_You_Play)_Another_Somebody_Done_Somebody_Wrong_Song,(Hey Won't You Play) Another Somebody Done Somebody Wrong Song,B.J. Thomas,x,1970,1975-17
21,1975,https://en.wikipedia.org/wiki/The_Hustle_(song),The Hustle,Van McCoy,x,1970,1975-21
27,1975,https://en.wikipedia.org/wiki/Fight_the_Power_(Isley_Brothers_song),Fight the Power,The Isley Brothers,x,1970,1975-27
29,1975,https://en.wikipedia.org/wiki/Jackie_Blue_(song),Jackie Blue,Ozark Mountain Daredevils,x,1970,1975-29
32,1975,https://en.wikipedia.org/wiki/Please_Mr._Postman,Please Mr. Postman,The Carpenters,x,1970,1975-32
42,1975,https://en.wikipedia.org/wiki/I%27m_Not_in_Love,I'm Not in Love,10cc,x,1970,1975-42
51,1975,,Dynomite,Bazuka,x,1970,1975-51
53,1975,https://en.wikipedia.org/wiki/The_Way_We_Were_(song),The Way We Were/Try to Remember,Gladys Knight and the Pips,x,1970,1975-53
57,1975,https://en.wikipedia.org/wiki/How_Long%3F,How Long?,Ace,x,1970,1975-57
58,1975,https://en.wikipedia.org/wiki/Express_(B._T._Express_song),Express,B.T. Express,x,1970,1975-58
59,1975,"https://en.wikipedia.org/wiki/That%27s_the_Way_of_the_World_(Earth,_Wind_%26_Fire_song)",That's the Way of the World,"Earth, Wind and Fire",x,1970,1975-59
61,1975,https://en.wikipedia.org/wiki/Bad_Time,Bad Time,Grand Funk,x,1970,1975-61
66,1975,,One Man Woman/One Woman Man,Paul Anka,x,1970,1975-66
73,1975,https://en.wikipedia.org/wiki/Morning_Side_of_the_Mountain,Morning Side of the Mountain,Donny,x,1970,1975-73
80,1975,https://en.wikipedia.org/wiki/Do_It_(%27Til_You%27re_Satisfied),Do It ('Til You're Satisfied),B.T. Express,x,1970,1975-80
85,1975,,The Rockford Files,Mike Post,x,1970,1975-85
88,1975,https://en.wikipedia.org/wiki/Junior%27s_Farm,Junior's Farm,Paul McCartney and Wings,x,1970,1975-88
94,1975,https://en.wikipedia.org/wiki/Only_Yesterday_(song),Only Yesterday,The Carpenters,x,1970,1975-94
98,1975,https://en.wikipedia.org/wiki/You_Ain%27t_Seen_Nothin%27_Yet_(song),You Ain't Seen Nothing Yet,Bachman–Turner Overdrive,x,1970,1975-98
100,1975,,Get Dancin',Disco-Tex and the Sex-O-Lettes,x,1970,1975-100
6,1976,https://en.wikipedia.org/wiki/Kiss_and_Say_Goodbye,Kiss and Say Goodbye,The Manhattans,x,1970,1976-6
7,1976,https://en.wikipedia.org/wiki/Love_Machine_(The_Miracles_song),Love Machine,The Miracles,x,1970,1976-7
10,1976,https://en.wikipedia.org/wiki/A_Fifth_of_Beethoven,A Fifth of Beethoven,Walter Murphy,x,1970,1976-10
11,1976,https://en.wikipedia.org/wiki/Sara_Smile,Sara Smile,Hall and Oates,x,1970,1976-11
16,1976,https://en.wikipedia.org/wiki/Get_Closer_(song),Get Closer,Seals and Crofts,x,1970,1976-16
21,1976,https://en.wikipedia.org/wiki/I%27d_Really_Love_to_See_You_Tonight,I'd Really Love to See You Tonight,England Dan and John Ford Coley,x,1970,1976-21
22,1976,https://en.wikipedia.org/wiki/You_Sexy_Thing,You Sexy Thing,Hot Chocolate,x,1970,1976-22
24,1976,https://en.wikipedia.org/wiki/Get_Up_and_Boogie_(song), Get Up and Boogie,Silver Convention,x,1970,1976-24
25,1976,https://en.wikipedia.org/wiki/Take_It_to_the_Limit_(Eagles_song),Take It to the Limit,Eagles,x,1970,1976-25
29,1976,https://en.wikipedia.org/wiki/Theme_from_S.W.A.T.,Theme from S.W.A.T.,Rhythm Heritage,x,1970,1976-29
36,1976,https://en.wikipedia.org/wiki/Let_Your_Love_Flow,Let Your Love Flow,The Bellamy Brothers,x,1970,1976-36
42,1976,https://en.wikipedia.org/wiki/Deep_Purple_(song),Deep Purple,Donny,x,1970,1976-42
46,1976,https://en.wikipedia.org/wiki/A_Little_Bit_More,A Little Bit More,Dr. Hook,x,1970,1976-46
52,1976,https://en.wikipedia.org/wiki/I_Love_Music_(disco),I Love Music,The O'Jays,x,1970,1976-52
57,1976,https://en.wikipedia.org/wiki/Convoy_(song),Convoy,C. W. McCall,x,1970,1976-57
59,1976,"https://en.wikipedia.org/wiki/Sing_a_Song_(Earth,_Wind_%26_Fire_song)",Sing a Song,"Earth, Wind and Fire",x,1970,1976-59
62,1976,https://en.wikipedia.org/wiki/Rock_and_Roll_Music,Rock and Roll Music,The Beach Boys,x,1970,1976-62
68,1976,https://en.wikipedia.org/wiki/Baby_Face_(1926_song),Baby Face,Wing and a Prayer Fife and Drum Corps,x,1970,1976-68
71,1976,,Wham Bam,Silver,x,1970,1976-71
78,1976,https://en.wikipedia.org/wiki/Got_to_Get_You_into_My_Life,Got to Get You into My Life,The Beatles,x,1970,1976-78
80,1976,"https://en.wikipedia.org/wiki/Getaway_(Earth,_Wind_%26_Fire_song)",Getaway,"Earth, Wind and Fire",x,1970,1976-80
81,1976,https://en.wikipedia.org/wiki/She%27s_Gone_(song),She's Gone,Hall and Oates,x,1970,1976-81
86,1976,https://en.wikipedia.org/wiki/Who%27d_She_Coo%3F,Who'd She Coo?,Ohio Players,x,1970,1976-86
95,1976,https://en.wikipedia.org/wiki/Tryin%27_to_Get_the_Feeling_Again,Tryin' to Get the Feeling Again,Barry Manilow,x,1970,1976-95
96,1976,https://en.wikipedia.org/wiki/Rock_and_Roll_All_Nite,Rock and Roll All Nite (live),Kiss,x,1970,1976-96
97,1976,https://en.wikipedia.org/wiki/Disco_Duck,Disco Duck,Rick Dees,x,1970,1976-97
99,1976,https://en.wikipedia.org/wiki/Squeeze_Box_(song),Squeeze Box,The Who,x,1970,1976-99
100,1976,https://en.wikipedia.org/wiki/Country_Boy_(You_Got_Your_Feet_in_L.A.),Country Boy (You Got Your Feet in L.A.),Glen Campbell,x,1970,1976-100
3,1977,https://en.wikipedia.org/wiki/Best_of_My_Love_(The_Emotions_song),Best of My Love,The Emotions,x,1970,1977-3
8,1977,https://en.wikipedia.org/wiki/(Your_Love_Keeps_Lifting_Me)_Higher_and_Higher#Rita_Coolidge_version,(Your Love Has Lifted Me) Higher and Higher,Rita Coolidge,x,1970,1977-8
16,1977,https://en.wikipedia.org/wiki/Whatcha_Gonna_Do%3F_(song),Whatcha Gonna Do?,Pablo Cruise,x,1970,1977-16
19,1977,https://en.wikipedia.org/wiki/Hotel_California,Hotel California,Eagles,x,1970,1977-19
23,1977,https://en.wikipedia.org/wiki/Rich_Girl_(Hall_%26_Oates_song),Rich Girl,Hall and Oates,x,1970,1977-23
27,1977,https://en.wikipedia.org/wiki/You_Don%27t_Have_to_Be_a_Star_(To_Be_in_My_Show),You Don't Have to Be a Star (To Be in My Show),Marilyn McCoo,x,1970,1977-27
40,1977,https://en.wikipedia.org/wiki/Enjoy_Yourself_(The_Jacksons_song),Enjoy Yourself,The Jacksons,x,1970,1977-40
44,1977,https://en.wikipedia.org/wiki/The_Things_We_Do_for_Love_(song),The Things We Do for Love,10cc,x,1970,1977-44
47,1977,https://en.wikipedia.org/wiki/Just_a_Song_Before_I_Go,Just a Song Before I Go,"Crosby, Stills and Nash",x,1970,1977-47
49,1977,https://en.wikipedia.org/wiki/Swayin%27_to_the_Music_(Slow_Dancing),Swayin' to the Music (Slow Dancing),Johnny Rivers,x,1970,1977-49
54,1977,https://en.wikipedia.org/wiki/Strawberry_Letter_23,Strawberry Letter 23,The Brothers Johnson,x,1970,1977-54
55,1977,https://en.wikipedia.org/wiki/Night_Moves_(song),Night Moves,Bob Seger and The Silver Bullet Band,x,1970,1977-55
57,1977,https://en.wikipedia.org/wiki/Heard_It_in_a_Love_Song,Heard It in a Love Song,The Marshall Tucker Band,x,1970,1977-57
58,1977,https://en.wikipedia.org/wiki/Carry_On_Wayward_Son,Carry On Wayward Son,Kansas,x,1970,1977-58
59,1977,https://en.wikipedia.org/wiki/New_Kid_in_Town,New Kid in Town,Eagles,x,1970,1977-59
67,1977,,Smoke from a Distant Fire,Sanford-Townsend Band,x,1970,1977-67
71,1977,https://en.wikipedia.org/wiki/Star_Wars_Theme/Cantina_Band,Star Wars Theme/Cantina Band,Meco,x,1970,1977-71
73,1977,,Jeans On,Lord David Dundas,x,1970,1977-73
75,1977,https://en.wikipedia.org/wiki/Keep_It_Comin%27_Love,Keep It Comin' Love,KC and the Sunshine Band,x,1970,1977-75
90,1977,https://en.wikipedia.org/wiki/Walk_This_Way,Walk This Way,Aerosmith,x,1970,1977-90
91,1977,https://en.wikipedia.org/wiki/Cherchez_La_Femme,Cherchez La Femme,Dr. Buzzard's Original Savannah Band,x,1970,1977-91
92,1977,https://en.wikipedia.org/wiki/Year_of_the_Cat_(song),Year of the Cat,Al Stewart,x,1970,1977-92
95,1977,https://en.wikipedia.org/wiki/Sorry_Seems_to_Be_the_Hardest_Word,Sorry Seems to Be the Hardest Word,Elton John,x,1970,1977-95
96,1977,https://en.wikipedia.org/wiki/Don%27t_Worry_Baby,Don't Worry Baby,B.J. Thomas,x,1970,1977-96
99,1977,,Star Wars (Main Title),London Symphony Orchestra,x,1970,1977-99
100,1977,,Devil's Gun,C.J. and Company,x,1970,1977-100
16,1978,https://en.wikipedia.org/wiki/Miss_You_(The_Rolling_Stones_song),Miss You,The Rolling Stones,x,1970,1978-16
21,1978,https://en.wikipedia.org/wiki/Feels_So_Good_(composition),Feels So Good,Chuck Mangione,x,1970,1978-21
25,1978,https://en.wikipedia.org/wiki/We_Will_Rock_You,We Will Rock You/We Are the Champions,Queen,x,1970,1978-25
42,1978,https://en.wikipedia.org/wiki/Use_ta_Be_My_Girl,Use ta Be My Girl,The O'Jays,x,1970,1978-42
52,1978,,Still the Same,Bob Seger and The Silver Bullet Band,x,1970,1978-52
57,1978,https://en.wikipedia.org/wiki/(Every_Time_I_Turn_Around)_Back_in_Love_Again,(Every Time I Turn Around) Back in Love Again,L.T.D.,x,1970,1978-57
77,1978,https://en.wikipedia.org/wiki/Serpentine_Fire,Serpentine Fire,"Earth, Wind and Fire",x,1970,1978-77
79,1978,,Falling,LeBlanc,x,1970,1978-79
99,1978,https://en.wikipedia.org/wiki/Hollywood_Nights_(song),Hollywood Nights,Bob Seger and The Silver Bullet Band,x,1970,1978-99
4,1979,https://en.wikipedia.org/wiki/Da_Ya_Think_I%27m_Sexy%3F,Da Ya Think I'm Sexy?,Rod Stewart,x,1970,1979-4
8,1979,https://en.wikipedia.org/wiki/Y.M.C.A._(song),Y.M.C.A.,Village People,x,1970,1979-8
13,1979,https://en.wikipedia.org/wiki/When_You%27re_in_Love_with_a_Beautiful_Woman,When You're in Love with a Beautiful Woman,Dr. Hook and The Medicine Show,x,1970,1979-13
15,1979,https://en.wikipedia.org/wiki/Fire_(Bruce_Springsteen_song),Fire,The Pointer Sisters,x,1970,1979-15
19,1979,https://en.wikipedia.org/wiki/What_a_Fool_Believes,What a Fool Believes,The Doobie Brothers,x,1970,1979-19
25,1979,https://en.wikipedia.org/wiki/Shake_Your_Body_(Down_to_the_Ground),Shake Your Body (Down to the Ground),The Jacksons,x,1970,1979-25
35,1979,,The Main Event/Fight,Barbra Streisand,x,1970,1979-35
38,1979,https://en.wikipedia.org/wiki/After_the_Love_Has_Gone,After the Love Has Gone,"Earth, Wind and Fire",x,1970,1979-38
46,1979,,Sharing the Night Together,Dr. Hook and The Medicine Show,x,1970,1979-46
49,1979,https://en.wikipedia.org/wiki/Music_Box_Dancer,Music Box Dancer,Frank Mills,x,1970,1979-49
55,1979,,Every 1's a Winner,Hot Chocolate,x,1970,1979-55
57,1979,https://en.wikipedia.org/wiki/Boogie_Wonderland,Boogie Wonderland,"Earth, Wind and Fire",x,1970,1979-57
65,1979,https://en.wikipedia.org/wiki/Ain%27t_No_Stoppin%27_Us_Now,Ain't No Stoppin' Us Now,McFadden and Whitehead,x,1970,1979-65
68,1979,https://en.wikipedia.org/wiki/Love_Is_the_Answer_(Utopia_song),Love Is the Answer,England Dan and John Ford Coley,x,1970,1979-68
78,1979,"https://en.wikipedia.org/wiki/September_(Earth,_Wind_%26_Fire_song)",September,"Earth, Wind and Fire",x,1970,1979-78
80,1979,https://en.wikipedia.org/wiki/Rise_(instrumental),Rise,Herb Alpert,x,1970,1979-80
89,1979,https://en.wikipedia.org/wiki/Everytime_I_Think_of_You,Everytime I Think of You,The Babys,x,1970,1979-89
90,1979,https://en.wikipedia.org/wiki/I_Got_My_Mind_Made_Up_(You_Can_Get_It_Girl),I Got My Mind Made Up (You Can Get It Girl),Instant Funk,x,1970,1979-90
91,1979,https://en.wikipedia.org/wiki/Don%27t_Stop_%27til_You_Get_Enough,Don't Stop 'til You Get Enough,Michael Jackson,x,1970,1979-91
94,1979,https://en.wikipedia.org/wiki/We%27ve_Got_Tonight,We've Got Tonight,Bob Seger and The Silver Bullet Band,x,1970,1979-94
2,1980,https://en.wikipedia.org/wiki/Another_Brick_in_the_Wall,"Another Brick in the Wall, Part II",Pink Floyd,x,1980,1980-2
11,1980,https://en.wikipedia.org/wiki/Escape_(Rupert_Holmes_song),Escape (The Piña Colada song),Rupert Holmes,x,1980,1980-11
14,1980,https://en.wikipedia.org/wiki/Working_My_Way_Back_to_You,"Working My Way Back to You/Forgive Me, Girl",The Spinners,x,1980,1980-14
22,1980,https://en.wikipedia.org/wiki/Shining_Star_(The_Manhattans_song),Shining Star,The Manhattans,x,1980,1980-22
25,1980,https://en.wikipedia.org/wiki/Sexy_Eyes_(Dr._Hook_song),Sexy Eyes,Dr. Hook,x,1980,1980-25
29,1980,https://en.wikipedia.org/wiki/Cupid_(Sam_Cooke_song),Cupid/I've Loved You for a Long Time,The Spinners,x,1980,1980-29
30,1980,https://en.wikipedia.org/wiki/Let%27s_Get_Serious_(song),Let's Get Serious,Jermaine Jackson,x,1980,1980-30
37,1980,https://en.wikipedia.org/wiki/Take_Your_Time_(Do_It_Right),Take Your Time (Do It Right),The SOS Band,x,1980,1980-37
41,1980,https://en.wikipedia.org/wiki/Brass_in_Pocket,Brass in Pocket,The Pretenders,x,1980,1980-41
42,1980,"https://en.wikipedia.org/wiki/Special_Lady_(Ray,_Goodman_%26_Brown_song)",Special Lady,"Ray, Goodman and Brown",x,1980,1980-42
46,1980,https://en.wikipedia.org/wiki/Heartache_Tonight,Heartache Tonight,Eagles,x,1980,1980-46
49,1980,,Better Love Next Time,Dr. Hook,x,1980,1980-49
51,1980,https://en.wikipedia.org/wiki/Against_the_Wind_(Bob_Seger_song),Against the Wind,Bob Seger and the Silver Bullet Band,x,1980,1980-51
53,1980,https://en.wikipedia.org/wiki/Emotional_Rescue_(song),Emotional Rescue,The Rolling Stones,x,1980,1980-53
54,1980,https://en.wikipedia.org/wiki/Rise_(instrumental),Rise,Herb Alpert,x,1980,1980-54
57,1980,https://en.wikipedia.org/wiki/You%27re_Only_Lonely_(song),You're Only Lonely,J.D. Souther,x,1980,1980-57
62,1980,https://en.wikipedia.org/wiki/I_Can%27t_Tell_You_Why,I Can't Tell You Why,Eagles,x,1980,1980-62
77,1980,,Should've Never Let You Go,Neil,x,1980,1980-77
80,1980,,I Pledge My Love,Peaches and Herb,x,1980,1980-80
81,1980,https://en.wikipedia.org/wiki/The_Long_Run_(song),The Long Run,Eagles,x,1980,1980-81
84,1980,https://en.wikipedia.org/wiki/D%C3%A9j%C3%A0_Vu_(Dionne_Warwick_song),Dejà Vu,Dionne Warwick,x,1980,1980-84
88,1980,https://en.wikipedia.org/wiki/Wait_for_Me_(Hall_%26_Oates_song),Wait for Me,Hall and Oates,x,1980,1980-88
96,1980,https://en.wikipedia.org/wiki/In_America_(Charlie_Daniels_song),In America,Charlie Daniels Band,x,1980,1980-96
7,1981,https://en.wikipedia.org/wiki/Kiss_on_My_List,Kiss on My List,Hall and Oates,x,1980,1981-7
11,1981,https://en.wikipedia.org/wiki/Believe_It_or_Not_(song),Theme from The Greatest American Hero (Believe It or Not),Joey Scarbury,x,1980,1981-11
16,1981,https://en.wikipedia.org/wiki/A_Woman_Needs_Love_(Just_Like_You_Do),A Woman Needs Love (Just Like You Do),Raydio,x,1980,1981-16
18,1981,"https://en.wikipedia.org/wiki/Just_the_Two_of_Us_(Grover_Washington,_Jr._song)",Just the Two of Us,"Grover Washington, Jr.",x,1980,1981-18
19,1981,https://en.wikipedia.org/wiki/Slow_Hand,Slow Hand,The Pointer Sisters,x,1980,1981-19
24,1981,https://en.wikipedia.org/wiki/Stars_on_45_Medley,Stars on 45 Medley,Stars on 45,x,1980,1981-24
31,1981,https://en.wikipedia.org/wiki/Elvira_(song),Elvira,The Oak Ridge Boys,x,1980,1981-31
36,1981,https://en.wikipedia.org/wiki/The_Boy_from_New_York_City,The Boy from New York City,The Manhattan Transfer,x,1980,1981-36
43,1981,https://en.wikipedia.org/wiki/You_Make_My_Dreams,You Make My Dreams,Hall and Oates,x,1980,1981-43
47,1981,https://en.wikipedia.org/wiki/The_Breakup_Song_(They_Don%27t_Write_%27Em),The Breakup Song (They Don't Write 'Em),The Greg Kihn Band,x,1980,1981-47
48,1981,https://en.wikipedia.org/wiki/Time_(The_Alan_Parsons_Project_song),Time,The Alan Parsons Project,x,1980,1981-48
50,1981,,Sweetheart,Franke and the Knockouts,x,1980,1981-50
57,1981,"https://en.wikipedia.org/wiki/De_Do_Do_Do,_De_Da_Da_Da","De Do Do Do, De Da Da Da",The Police,x,1980,1981-57
58,1981,,This Little Girl,Gary U.S. Bonds,x,1980,1981-58
66,1981,https://en.wikipedia.org/wiki/Games_People_Play_(The_Alan_Parsons_Project_song),Games People Play,The Alan Parsons Project,x,1980,1981-66
71,1981,https://en.wikipedia.org/wiki/Don%27t_Stand_So_Close_to_Me,Don't Stand So Close to Me,The Police,x,1980,1981-71
73,1981,https://en.wikipedia.org/wiki/I_Ain%27t_Gonna_Stand_for_It,I Ain't Gonna Stand for It,Stevie Wonder,x,1980,1981-73
90,1981,https://en.wikipedia.org/wiki/You%27ve_Lost_That_Lovin%27_Feelin%27,You've Lost That Lovin' Feelin',Hall and Oates,x,1980,1981-90
5,1982,https://en.wikipedia.org/wiki/Hurts_So_Good,Hurts So Good,,x,1980,1982-5
6,1982,https://en.wikipedia.org/wiki/Centerfold_(song),Centerfold,The J. Geils Band,x,1980,1982-6
7,1982,https://en.wikipedia.org/wiki/Don%27t_You_Want_Me,Don't You Want Me,The Human League,x,1980,1982-7
8,1982,https://en.wikipedia.org/wiki/Jack_%26_Diane,Jack and Diane,John Cougar,x,1980,1982-8
12,1982,https://en.wikipedia.org/wiki/Chariots_of_Fire_(instrumental),Chariots of Fire,Vangelis,x,1980,1982-12
15,1982,https://en.wikipedia.org/wiki/I_Can%27t_Go_for_That_(No_Can_Do),I Can't Go for That (No Can Do),Daryl Hall and John Oates,x,1980,1982-15
16,1982,https://en.wikipedia.org/wiki/867-5309/Jenny,867-5309/Jenny,Tommy Tutone,x,1980,1982-16
23,1982,https://en.wikipedia.org/wiki/Shake_It_Up_(The_Cars_song),Shake It Up,The Cars,x,1980,1982-23
25,1982,https://en.wikipedia.org/wiki/We_Got_the_Beat,We Got the Beat,The Go-Go's,x,1980,1982-25
26,1982,https://en.wikipedia.org/wiki/The_Other_Woman_(song),The Other Woman,"Ray Parker, Jr.",x,1980,1982-26
30,1982,https://en.wikipedia.org/wiki/Who_Can_It_Be_Now%3F,Who Can It Be Now?,Men at Work,x,1980,1982-30
32,1982,https://en.wikipedia.org/wiki/Eye_in_the_Sky_(song),Eye in the Sky,The Alan Parsons Project,x,1980,1982-32
33,1982,https://en.wikipedia.org/wiki/Let%27s_Groove,Let's Groove,"Earth, Wind and Fire",x,1980,1982-33
44,1982,https://en.wikipedia.org/wiki/Private_Eyes_(song),Private Eyes,Daryl Hall and John Oates,x,1980,1982-44
49,1982,https://en.wikipedia.org/wiki/Freeze_Frame_(J._Geils_Band_song),Freeze-Frame,The J. Geils Band,x,1980,1982-49
53,1982,https://en.wikipedia.org/wiki/Caught_Up_in_You,Caught Up in You,.38 Special,x,1980,1982-53
56,1982,,Hooked on Classics,Royal Philharmonic Orchestra,x,1980,1982-56
57,1982,https://en.wikipedia.org/wiki/Wasted_on_the_Way,Wasted on the Way,"Crosby, Stills and Nash",x,1980,1982-57
63,1982,https://en.wikipedia.org/wiki/Our_Lips_Are_Sealed,Our Lips Are Sealed,The Go-Go's,x,1980,1982-63
66,1982,https://en.wikipedia.org/wiki/Did_It_in_a_Minute,Did It in a Minute,Daryl Hall and John Oates,x,1980,1982-66
76,1982,https://en.wikipedia.org/wiki/Empty_Garden_(Hey_Hey_Johnny),Empty Garden (Hey Hey Johnny),Elton John,x,1980,1982-76
77,1982,https://en.wikipedia.org/wiki/Yesterday%27s_Songs,Yesterday's Songs,Neil Diamond,x,1980,1982-77
79,1982,https://en.wikipedia.org/wiki/Every_Little_Thing_She_Does_Is_Magic,Every Little Thing She Does Is Magic,The Police,x,1980,1982-79
81,1982,https://en.wikipedia.org/wiki/I_Keep_Forgettin%27_(Every_Time_You%27re_Near),I Keep Forgettin' (Every Time You're Near),Michael McDonald,x,1980,1982-81
87,1982,https://en.wikipedia.org/wiki/Vacation_(The_Go-Go%27s_song),Vacation,The Go-Go's,x,1980,1982-87
89,1982,,Should I Do It,The Pointer Sisters,x,1980,1982-89
93,1982,https://en.wikipedia.org/wiki/What%27s_Forever_For,What's Forever For,Michael Murphey,x,1980,1982-93
94,1982,https://en.wikipedia.org/wiki/Waiting_on_a_Friend,Waiting on a Friend,The Rolling Stones,x,1980,1982-94
95,1982,https://en.wikipedia.org/wiki/Do_I_Do,Do I Do,Stevie Wonder,x,1980,1982-95
100,1982,https://en.wikipedia.org/wiki/Edge_of_Seventeen_(Just_Like_the_White_Winged_Dove),Edge of Seventeen (Just Like the White Winged Dove),Stevie Nicks,x,1980,1982-100
1,1983,https://en.wikipedia.org/wiki/Every_Breath_You_Take,Every Breath You Take,The Police,x,1980,1983-1
3,1983,https://en.wikipedia.org/wiki/Flashdance..._What_a_Feeling,Flashdance... What a Feeling,Irene Cara,x,1980,1983-3
7,1983,https://en.wikipedia.org/wiki/Maneater_(Hall_%26_Oates_song),Maneater,Daryl Hall and John Oates,x,1980,1983-7
10,1983,https://en.wikipedia.org/wiki/Sweet_Dreams_(Are_Made_of_This),Sweet Dreams (Are Made of This),Eurythmics,x,1980,1983-10
14,1983,https://en.wikipedia.org/wiki/Shame_on_the_Moon,Shame on the Moon,Bob Seger and The Silver Bullet Band,x,1980,1983-14
21,1983,https://en.wikipedia.org/wiki/Jeopardy_(song),Jeopardy,The Greg Kihn Band,x,1980,1983-21
26,1983,https://en.wikipedia.org/wiki/Back_on_the_Chain_Gang,Back on the Chain Gang,The Pretenders,x,1980,1983-26
33,1983,https://en.wikipedia.org/wiki/(Keep_Feeling)_Fascination,(Keep Feeling) Fascination,The Human League,x,1980,1983-33
39,1983,https://en.wikipedia.org/wiki/One_on_One_(song),One on One,Daryl Hall and John Oates,x,1980,1983-39
52,1983,https://en.wikipedia.org/wiki/Rock_the_Casbah,Rock the Casbah,The Clash,x,1980,1983-52
55,1983,https://en.wikipedia.org/wiki/Is_There_Something_I_Should_Know%3F,Is There Something I Should Know?,Duran Duran,x,1980,1983-55
58,1983,https://en.wikipedia.org/wiki/She%27s_a_Beauty,She's a Beauty,The Tubes,x,1980,1983-58
63,1983,https://en.wikipedia.org/wiki/Come_Dancing_(song),Come Dancing,The Kinks,x,1980,1983-63
67,1983,https://en.wikipedia.org/wiki/Family_Man_(Mike_Oldfield_song),Family Man,Daryl Hall and John Oates,x,1980,1983-67
71,1983,https://en.wikipedia.org/wiki/Straight_from_the_Heart_(song),Straight from the Heart,Bryan Adams,x,1980,1983-71
84,1983,https://en.wikipedia.org/wiki/(She%27s)_Sexy_%2B_17,(She's) Sexy + 17,Stray Cats,x,1980,1983-84
100,1983,https://en.wikipedia.org/wiki/Fall_in_Love_with_Me,Fall in Love with Me,"Earth, Wind and Fire",x,1980,1983-100
9,1984,https://en.wikipedia.org/wiki/Ghostbusters_(song),Ghostbusters,"Ray Parker, Jr.",x,1980,1984-9
22,1984,https://en.wikipedia.org/wiki/Say_It_Isn%27t_So_(Hall_%26_Oates_song),Say It Isn't So,Daryl Hall and John Oates,x,1980,1984-22
30,1984,https://en.wikipedia.org/wiki/The_Glamorous_Life,The Glamorous Life,Sheila E.,x,1980,1984-30
41,1984,https://en.wikipedia.org/wiki/Drive_(The_Cars_song),Drive,The Cars,x,1980,1984-41
54,1984,https://en.wikipedia.org/wiki/Sad_Songs_(Say_So_Much),Sad Songs (Say So Much),Elton John,x,1980,1984-54
61,1984,https://en.wikipedia.org/wiki/State_of_Shock_(song),State of Shock,The Jacksons,x,1980,1984-61
65,1984,https://en.wikipedia.org/wiki/You_Might_Think,You Might Think,The Cars,x,1980,1984-65
66,1984,https://en.wikipedia.org/wiki/Lucky_Star_(Madonna_song),Lucky Star,Madonna,x,1980,1984-66
68,1984,https://en.wikipedia.org/wiki/Cum_on_Feel_the_Noize,Cum on Feel the Noize,Quiet Riot,x,1980,1984-68
70,1984,https://en.wikipedia.org/wiki/Adult_Education_(song),Adult Education,Daryl Hall and John Oates,x,1980,1984-70
76,1984,https://en.wikipedia.org/wiki/I%27m_So_Excited,I'm So Excited,The Pointer Sisters,x,1980,1984-76
77,1984,https://en.wikipedia.org/wiki/I_Still_Can%27t_Get_Over_Loving_You,I Still Can't Get Over Loving You,"Ray Parker, Jr.",x,1980,1984-77
80,1984,https://en.wikipedia.org/wiki/Breakin%27..._There%27s_No_Stopping_Us,Breakin'... There's No Stopping Us,Ollie and Jerry,x,1980,1984-80
85,1984,https://en.wikipedia.org/wiki/Wrapped_Around_Your_Finger,Wrapped Around Your Finger,The Police,x,1980,1984-85
88,1984,https://en.wikipedia.org/wiki/Head_over_Heels_(The_Go-Go%27s_song),Head over Heels,The Go-Go's,x,1980,1984-88
93,1984,https://en.wikipedia.org/wiki/Undercover_of_the_Night,Undercover of the Night,The Rolling Stones,x,1980,1984-93
94,1984,,On the Dark Side,John Cafferty and The Beaver Brown Band,x,1980,1984-94
97,1984,https://en.wikipedia.org/wiki/Magic_(The_Cars_song),Magic,The Cars,x,1980,1984-97
1,1985,https://en.wikipedia.org/wiki/Careless_Whisper,Careless Whisper,Wham!,x,1980,1985-1
3,1985,https://en.wikipedia.org/wiki/Wake_Me_Up_Before_You_Go-Go,Wake Me Up Before You Go-Go,Wham!,x,1980,1985-3
6,1985,https://en.wikipedia.org/wiki/Out_of_Touch,Out of Touch,Daryl Hall and John Oates,x,1980,1985-6
18,1985,https://en.wikipedia.org/wiki/St._Elmo%27s_Fire_(Man_in_Motion),St. Elmo's Fire (Man in Motion),John Parr,x,1980,1985-18
24,1985,https://en.wikipedia.org/wiki/Heaven_(Bryan_Adams_song),Heaven,Bryan Adams,x,1980,1985-24
25,1985,https://en.wikipedia.org/wiki/Everything_She_Wants,Everything She Wants,Wham!,x,1980,1985-25
27,1985,https://en.wikipedia.org/wiki/Miami_Vice_Theme,Miami Vice Theme,Jan Hammer,x,1980,1985-27
34,1985,https://en.wikipedia.org/wiki/Sea_of_Love_(song),Sea of Love,The Honeydrippers,x,1980,1985-34
38,1985,https://en.wikipedia.org/wiki/Neutron_Dance,Neutron Dance,The Pointer Sisters,x,1980,1985-38
61,1985,https://en.wikipedia.org/wiki/Axel_F,Axel F,Harold Faltermeyer,x,1980,1985-61
66,1985,https://en.wikipedia.org/wiki/Run_to_You_(Bryan_Adams_song),Run to You,Bryan Adams,x,1980,1985-66
70,1985,https://en.wikipedia.org/wiki/Would_I_Lie_to_You%3F_(Eurythmics_song),Would I Lie to You?,Eurythmics,x,1980,1985-70
74,1985,https://en.wikipedia.org/wiki/Summer_Of_%2769,Summer Of '69,Bryan Adams,x,1980,1985-74
76,1985,https://en.wikipedia.org/wiki/Freedom_(Wham!_song),Freedom,Wham!,x,1980,1985-76
81,1985,https://en.wikipedia.org/wiki/Angel_(Madonna_song),Angel,Madonna,x,1980,1985-81
83,1985,https://en.wikipedia.org/wiki/Method_of_Modern_Love,Method of Modern Love,Daryl Hall and John Oates,x,1980,1985-83
92,1985,https://en.wikipedia.org/wiki/Born_in_the_U.S.A._(song),Born in the U.S.A.,Bruce Springsteen,x,1980,1985-92
5,1986,https://en.wikipedia.org/wiki/Broken_Wings_(Mr._Mister_song),Broken Wings,Mr. Mister,x,1980,1986-5
9,1986,https://en.wikipedia.org/wiki/Kyrie_(song),Kyrie,Mr. Mister,x,1980,1986-9
25,1986,https://en.wikipedia.org/wiki/Human_(The_Human_League_song),Human,The Human League,x,1980,1986-25
26,1986,https://en.wikipedia.org/wiki/I_Can%27t_Wait_(Nu_Shooz_song),I Can't Wait,Nu Shooz,x,1980,1986-26
48,1986,https://en.wikipedia.org/wiki/Manic_Monday,Manic Monday,The Bangles,x,1980,1986-48
61,1986,https://en.wikipedia.org/wiki/All_Cried_Out_(Lisa_Lisa_%26_Cult_Jam_song),All Cried Out,Lisa Lisa and Cult Jam,x,1980,1986-61
62,1986,https://en.wikipedia.org/wiki/Your_Love_(The_Outfield_song),Your Love,The Outfield,x,1980,1986-62
63,1986,https://en.wikipedia.org/wiki/I%27m_Your_Man_(Wham!_song),I'm Your Man,Wham!,x,1980,1986-63
66,1986,https://en.wikipedia.org/wiki/R.O.C.K._in_the_U.S.A.,R.O.C.K. in the U.S.A.,John Cougar Mellencamp,x,1980,1986-66
70,1986,https://en.wikipedia.org/wiki/Silent_Running_(On_Dangerous_Ground),Silent Running (On Dangerous Ground),Mike + The Mechanics,x,1980,1986-70
74,1986,https://en.wikipedia.org/wiki/All_I_Need_Is_a_Miracle,All I Need Is a Miracle,Mike + The Mechanics,x,1980,1986-74
81,1986,https://en.wikipedia.org/wiki/Tonight_She_Comes,Tonight She Comes,The Cars,x,1980,1986-81
83,1986,https://en.wikipedia.org/wiki/A_Love_Bizarre,A Love Bizarre,Sheila E.,x,1980,1986-83
89,1986,https://en.wikipedia.org/wiki/Walk_This_Way,Walk This Way,Run–D.M.C.,x,1980,1986-89
100,1986,https://en.wikipedia.org/wiki/Go_Home_(song),Go Home,Stevie Wonder,x,1980,1986-100
1,1987,https://en.wikipedia.org/wiki/Walk_Like_An_Egyptian,Walk Like An Egyptian,The Bangles,x,1980,1987-1
4,1987,https://en.wikipedia.org/wiki/I_Wanna_Dance_With_Somebody_(Who_Loves_Me),I Wanna Dance With Somebody (Who Loves Me),Whitney Houston,x,1980,1987-4
8,1987,https://en.wikipedia.org/wiki/The_Way_It_Is_(song),The Way It Is,Bruce Hornsby and the Range,x,1980,1987-8
17,1987,https://en.wikipedia.org/wiki/Head_to_Toe,Head to Toe,Lisa Lisa and Cult Jam,x,1980,1987-17
24,1987,https://en.wikipedia.org/wiki/I_Want_Your_Sex,I Want Your Sex,George Michael,x,1980,1987-24
31,1987,https://en.wikipedia.org/wiki/Lost_in_Emotion,Lost in Emotion,Lisa Lisa and Cult Jam,x,1980,1987-31
42,1987,https://en.wikipedia.org/wiki/Who%27s_That_Girl_(Madonna_song),Who's That Girl,Madonna,x,1980,1987-42
46,1987,https://en.wikipedia.org/wiki/Causing_a_Commotion,Causing a Commotion,Madonna,x,1980,1987-46
50,1987,https://en.wikipedia.org/wiki/Will_You_Still_Love_Me%3F_(Chicago_song),Will You Still Love Me?,Chicago,x,1980,1987-50
55,1987,https://en.wikipedia.org/wiki/Songbird_(Kenny_G_composition),Songbird,Kenny G,x,1980,1987-55
58,1987,https://en.wikipedia.org/wiki/La_Isla_Bonita,La Isla Bonita,Madonna,x,1980,1987-58
62,1987,https://en.wikipedia.org/wiki/Come_Go_with_Me_(Expos%C3%A9_song),Come Go with Me,Expose,x,1980,1987-62
65,1987,https://en.wikipedia.org/wiki/Mandolin_Rain,Mandolin Rain,Bruce Hornsby and the Range,x,1980,1987-65
67,1987,https://en.wikipedia.org/wiki/Stand_by_Me_(song),Stand by Me,Ben E. King,x,1980,1987-67
72,1987,https://en.wikipedia.org/wiki/Rhythm_Is_Gonna_Get_You,Rhythm Is Gonna Get You,Gloria Estefan and Miami Sound Machine,x,1980,1987-72
73,1987,https://en.wikipedia.org/wiki/Rock_Steady_(The_Whispers_song),Rock Steady,The Whispers,x,1980,1987-73
77,1987,https://en.wikipedia.org/wiki/Let_Me_Be_the_One_(Expos%C3%A9_song),Let Me Be the One,Expose,x,1980,1987-77
80,1987,https://en.wikipedia.org/wiki/Point_of_No_Return_(Expos%C3%A9_song),Point of No Return,Expose,x,1980,1987-80
84,1987,https://en.wikipedia.org/wiki/Heat_of_the_Night,Heat of the Night,Bryan Adams,x,1980,1987-84
92,1987,https://en.wikipedia.org/wiki/Don%27t_Get_Me_Wrong,Don't Get Me Wrong,The Pretenders,x,1980,1987-92
99,1987,https://en.wikipedia.org/wiki/Funkytown#Pseudo_Echo_version,Funkytown,Pseudo Echo,x,1980,1987-99
13,1988,https://en.wikipedia.org/wiki/Anything_for_You_(Gloria_Estefan_song),Anything for You,Gloria Estefan and Miami Sound Machine,x,1980,1988-13
16,1988,https://en.wikipedia.org/wiki/Seasons_Change_(song),Seasons Change,Expose,x,1980,1988-16
18,1988,"https://en.wikipedia.org/wiki/Wild,_Wild_West_(The_Escape_Club_song)","Wild, Wild West",The Escape Club,x,1980,1988-18
35,1988,https://en.wikipedia.org/wiki/A_Hazy_Shade_of_Winter,A Hazy Shade of Winter,The Bangles,x,1980,1988-35
42,1988,https://en.wikipedia.org/wiki/Kokomo_(song),Kokomo,The Beach Boys,x,1980,1988-42
49,1988,https://en.wikipedia.org/wiki/The_Loco-Motion,The Loco-Motion,Kylie Minogue,x,1980,1988-49
50,1988,https://en.wikipedia.org/wiki/What_Have_I_Done_to_Deserve_This%3F_(song),What Have I Done to Deserve This?,Pet Shop Boys,x,1980,1988-50
59,1988,https://en.wikipedia.org/wiki/I_Want_to_Be_Your_Man,I Want to Be Your Man,Roger Troutman,x,1980,1988-59
62,1988,https://en.wikipedia.org/wiki/1-2-3_(Gloria_Estefan_and_Miami_Sound_Machine_song),2/1/2003,Gloria Estefan and Miami Sound Machine,x,1980,1988-62
72,1988,https://en.wikipedia.org/wiki/Everything_Your_Heart_Desires,Everything Your Heart Desires,Daryl Hall and John Oates,x,1980,1988-72
78,1988,https://en.wikipedia.org/wiki/The_Valley_Road,The Valley Road,Bruce Hornsby and the Range,x,1980,1988-78
87,1988,https://en.wikipedia.org/wiki/Nite_and_Day,Nite and Day,Al B. Sure!,x,1980,1988-87
88,1988,https://en.wikipedia.org/wiki/Don%27t_You_Know_What_the_Night_Can_Do%3F,Don't You Know What the Night Can Do?,Steve Winwood,x,1980,1988-88
90,1988,https://en.wikipedia.org/wiki/Can%27t_Stay_Away_from_You,Can't Stay Away from You,Gloria Estefan and Miami Sound Machine,x,1980,1988-90
93,1988,https://en.wikipedia.org/wiki/I_Still_Believe_(Brenda_K._Starr_song),I Still Believe,Brenda K. Starr,x,1980,1988-93
9,1989,"https://en.wikipedia.org/wiki/Baby,_I_Love_Your_Way/Freebird_Medley","Baby, I Love Your Way/Freebird Medley",Will to Power,x,1980,1989-9
25,1989,https://en.wikipedia.org/wiki/Like_a_Prayer_(song),Like a Prayer,Madonna,x,1980,1989-25
27,1989,https://en.wikipedia.org/wiki/How_Can_I_Fall%3F,How Can I Fall?,Breathe,x,1980,1989-27
31,1989,https://en.wikipedia.org/wiki/The_Living_Years_(song),The Living Years,Mike + The Mechanics,x,1980,1989-31
32,1989,https://en.wikipedia.org/wiki/Eternal_Flame_(song),Eternal Flame,The Bangles,x,1980,1989-32
33,1989,https://en.wikipedia.org/wiki/Wild_Thing_(Tone_L%C5%8Dc_song),Wild Thing,Tone Lōc,x,1980,1989-33
47,1989,https://en.wikipedia.org/wiki/Love_Shack,Love Shack,The B-52's,x,1980,1989-47
55,1989,https://en.wikipedia.org/wiki/Express_Yourself_(Madonna_song),Express Yourself,Madonna,x,1980,1989-55
59,1989,https://en.wikipedia.org/wiki/Cherish_(Madonna_song),Cherish,Madonna,x,1980,1989-59
63,1989,https://en.wikipedia.org/wiki/Second_Chance_(38_Special_song),Second Chance,38 Special,x,1980,1989-63
65,1989,https://en.wikipedia.org/wiki/Funky_Cold_Medina,Funky Cold Medina,Tone Lōc,x,1980,1989-65
66,1989,https://en.wikipedia.org/wiki/In_Your_Room_(The_Bangles_song),In Your Room,The Bangles,x,1980,1989-66
68,1989,https://en.wikipedia.org/wiki/Lovesong_(The_Cure_song),Lovesong,The Cure,x,1980,1989-68
76,1989,https://en.wikipedia.org/wiki/Stand_(R.E.M._song),Stand,R.E.M.,x,1980,1989-76
84,1989,https://en.wikipedia.org/wiki/What_I_Am,What I Am,Edie Brickell and New Bohemians,x,1980,1989-84
97,1989,https://en.wikipedia.org/wiki/What_You_Don%27t_Know_(Expos%C3%A9_song),What You Don't Know,Expose,x,1980,1989-97
98,1989,https://en.wikipedia.org/wiki/Surrender_to_Me_(Ann_Wilson_and_Robin_Zander_song),Surrender To Me,Ann Wilson,x,1980,1989-98
5,1990,https://en.wikipedia.org/wiki/Vogue_(Madonna_song),Vogue,Madonna,x,1990,1990-5
26,1990,https://en.wikipedia.org/wiki/The_Power_(Snap!_song),The Power,Snap!,x,1990,1990-26
37,1990,https://en.wikipedia.org/wiki/Downtown_Train,Downtown Train,Rod Stewart,x,1990,1990-37
40,1990,https://en.wikipedia.org/wiki/Roam,Roam,The B-52s,x,1990,1990-40
42,1990,https://en.wikipedia.org/wiki/Back_to_Life_(However_Do_You_Want_Me),Back to Life (However Do You Want Me),Soul II Soul,x,1990,1990-42
45,1990,https://en.wikipedia.org/wiki/Ice_Ice_Baby,Ice Ice Baby,Vanilla Ice,x,1990,1990-45
62,1990,https://en.wikipedia.org/wiki/The_Humpty_Dance,The Humpty Dance,Digital Underground,x,1990,1990-62
71,1990,https://en.wikipedia.org/wiki/What_Kind_of_Man_Would_I_Be%3F,What Kind of Man Would I Be?,Chicago,x,1990,1990-71
78,1990,https://en.wikipedia.org/wiki/Love_Shack,Love Shack,The B-52s,x,1990,1990-78
85,1990,https://en.wikipedia.org/wiki/C%27mon_and_Get_My_Love,C'mon and Get My Love,D Mob,x,1990,1990-85
87,1990,,We Can't Go Wrong,The Cover Girls,x,1990,1990-87
93,1990,https://en.wikipedia.org/wiki/Jerk_Out,Jerk Out,The Time,x,1990,1990-93
96,1990,https://en.wikipedia.org/wiki/Without_You_(M%C3%B6tley_Cr%C3%BCe_song),Without You,Mötley Crue,x,1990,1990-96
1,1991,https://en.wikipedia.org/wiki/(Everything_I_Do)_I_Do_It_for_You,(Everything I Do) I Do It for You,Bryan Adams,x,1990,1991-1
2,1991,https://en.wikipedia.org/wiki/I_Wanna_Sex_You_Up,I Wanna Sex You Up,Color Me Badd,x,1990,1991-2
3,1991,https://en.wikipedia.org/wiki/Gonna_Make_You_Sweat_(Everybody_Dance_Now),Gonna Make You Sweat (Everybody Dance Now),C+C Music Factory,x,1990,1991-3
12,1991,https://en.wikipedia.org/wiki/Because_I_Love_You_(The_Postman_Song),Because I Love You (The Postman Song),Stevie B,x,1990,1991-12
21,1991,https://en.wikipedia.org/wiki/Justify_My_Love,Justify My Love,Madonna,x,1990,1991-21
33,1991,https://en.wikipedia.org/wiki/Losing_My_Religion,Losing My Religion,R.E.M.,x,1990,1991-33
35,1991,https://en.wikipedia.org/wiki/Here_We_Go_(Let%27s_Rock_%26_Roll),Here We Go,C+C Music Factory,x,1990,1991-35
38,1991,https://en.wikipedia.org/wiki/Summertime_(DJ_Jazzy_Jeff_%26_The_Fresh_Prince_song),Summertime,DJ Jazzy Jeff and The Fresh Prince,x,1990,1991-38
40,1991,https://en.wikipedia.org/wiki/P.A.S.S.I.O.N._(song),P.A.S.S.I.O.N.,Rythm Syndicate,x,1990,1991-40
47,1991,https://en.wikipedia.org/wiki/Power_of_Love/Love_Power,Power of Love/Love Power,Luther Vandross,x,1990,1991-47
51,1991,https://en.wikipedia.org/wiki/Things_That_Make_You_Go_Hmmm...,Things That Make You Go Hmmm...,C+C Music Factory,x,1990,1991-51
59,1991,https://en.wikipedia.org/wiki/Can%27t_Stop_This_Thing_We_Started,Can't Stop This Thing We Started,Bryan Adams,x,1990,1991-59
61,1991,https://en.wikipedia.org/wiki/3_a.m._Eternal,3 a.m. Eternal,The KLF,x,1990,1991-61
65,1991,,I'll Be There,The Escape Club,x,1990,1991-65
67,1991,https://en.wikipedia.org/wiki/Now_That_We_Found_Love,Now That We Found Love,Heavy D and the Boyz,x,1990,1991-67
77,1991,,Place in this World,Michael W. Smith,x,1990,1991-77
82,1991,https://en.wikipedia.org/wiki/Silent_Lucidity,Silent Lucidity,Queensrÿche,x,1990,1991-82
100,1991,https://en.wikipedia.org/wiki/Shiny_Happy_People,Shiny Happy People,R.E.M.,x,1990,1991-100
12,1992,https://en.wikipedia.org/wiki/To_Be_with_You,To Be with You,Mr. Big,x,1990,1992-12
13,1992,https://en.wikipedia.org/wiki/I%27m_Too_Sexy,I'm Too Sexy,Right Said Fred,x,1990,1992-13
21,1992,https://en.wikipedia.org/wiki/This_Used_to_Be_My_Playground,This Used to Be My Playground,Madonna,x,1990,1992-21
34,1992,https://en.wikipedia.org/wiki/Damn_I_Wish_I_Was_Your_Lover,Damn I Wish I Was Your Lover,Sophie B. Hawkins,x,1990,1992-34
44,1992,https://en.wikipedia.org/wiki/Set_Adrift_on_Memory_Bliss,Set Adrift on Memory Bliss,P.M. Dawn,x,1990,1992-44
46,1992,https://en.wikipedia.org/wiki/Too_Legit_to_Quit_(song),2 Legit 2 Quit,Hammer,x,1990,1992-46
49,1992,https://en.wikipedia.org/wiki/Wishing_on_a_Star,Wishing on a Star,The Cover Girls,x,1990,1992-49
51,1992,https://en.wikipedia.org/wiki/I%27d_Die_Without_You,I'd Die Without You,P.M. Dawn,x,1990,1992-51
59,1992,https://en.wikipedia.org/wiki/How_Do_You_Talk_to_an_Angel,How Do You Talk to an Angel,The Heights,x,1990,1992-59
61,1992,https://en.wikipedia.org/wiki/Keep_on_Walkin%27_(song),Keep on Walkin',CeCe Peniston,x,1990,1992-61
70,1992,https://en.wikipedia.org/wiki/Do_I_Have_to_Say_the_Words%3F,Do I Have to Say the Words?,Bryan Adams,x,1990,1992-70
71,1992,https://en.wikipedia.org/wiki/Friday_I%27m_in_Love,Friday I'm in Love,The Cure,x,1990,1992-71
74,1992,https://en.wikipedia.org/wiki/Thought_I%27d_Died_and_Gone_to_Heaven,Thought I'd Died and Gone to Heaven,Bryan Adams,x,1990,1992-74
75,1992,https://en.wikipedia.org/wiki/Rhythm_Is_a_Dancer,Rhythm Is a Dancer,Snap!,x,1990,1992-75
78,1992,,Back to the Hotel,N2Deep,x,1990,1992-78
85,1992,https://en.wikipedia.org/wiki/Real_Love_(Mary_J._Blige_song),Real Love,Mary J. Blige,x,1990,1992-85
86,1992,https://en.wikipedia.org/wiki/Justified_and_Ancient,Justified and Ancient,The KLF,x,1990,1992-86
90,1992,https://en.wikipedia.org/wiki/Would_I_Lie_to_You%3F_(Charles_%26_Eddie_song),Would I Lie to You?,Charles and Eddie,x,1990,1992-90
95,1992,,Just Take My Heart,Mr. Big,x,1990,1992-95
97,1992,https://en.wikipedia.org/wiki/We_Got_a_Love_Thang,We Got a Love Thang,CeCe Peniston,x,1990,1992-97
11,1993,https://en.wikipedia.org/wiki/Nuthin%27_but_a_%27G%27_Thang,Nuthin' but a 'G' Thang,Dr. Dre,x,1990,1993-11
15,1993,https://en.wikipedia.org/wiki/Lately_(Jodeci_song),Lately,Jodeci,x,1990,1993-15
17,1993,https://en.wikipedia.org/wiki/Show_Me_Love_(Robin_S._song),Show Me Love,Robin S.,x,1990,1993-17
23,1993,https://en.wikipedia.org/wiki/I%27ll_Never_Get_Over_You_(Getting_Over_Me),I'll Never Get Over You (Getting Over Me),Expose,x,1990,1993-23
25,1993,https://en.wikipedia.org/wiki/Rhythm_Is_a_Dancer,Rhythm Is a Dancer,Snap!,x,1990,1993-25
27,1993,https://en.wikipedia.org/wiki/I%27m_Gonna_Be_(500_Miles),I'm Gonna Be (500 Miles),The Proclaimers,x,1990,1993-27
35,1993,https://en.wikipedia.org/wiki/If_I_Had_No_Loot,If I Had No Loot,Tony! Toni! Tone!,x,1990,1993-35
38,1993,https://en.wikipedia.org/wiki/Looking_Through_Patient_Eyes,Looking Through Patient Eyes,P.M. Dawn,x,1990,1993-38
43,1993,https://en.wikipedia.org/wiki/I%27d_Die_Without_You,I'd Die Without You,P.M. Dawn,x,1990,1993-43
44,1993,"https://en.wikipedia.org/wiki/Whoot,_There_It_Is","Whoot, There It Is",95 South,x,1990,1993-44
50,1993,https://en.wikipedia.org/wiki/What%27s_Up%3F_(song),What's Up?,4 Non Blondes,x,1990,1993-50
53,1993,https://en.wikipedia.org/wiki/Fuck_wit_Dre_Day_(And_Everybody%27s_Celebratin%27),Dre Day,Dr. Dre,x,1990,1993-53
56,1993,https://en.wikipedia.org/wiki/I_Get_Around_(Tupac_Shakur_song),I Get Around,2Pac,x,1990,1993-56
58,1993,https://en.wikipedia.org/wiki/Real_Love_(Mary_J._Blige_song),Real Love,Mary J. Blige,x,1990,1993-58
66,1993,https://en.wikipedia.org/wiki/Deeper_and_Deeper,Deeper and Deeper,Madonna,x,1990,1993-66
67,1993,https://en.wikipedia.org/wiki/Rain_(Madonna_song),Rain,Madonna,x,1990,1993-67
73,1993,https://en.wikipedia.org/wiki/Forever_in_Love_(instrumental),Forever in Love,Kenny G,x,1990,1993-73
75,1993,https://en.wikipedia.org/wiki/Boom!_Shake_the_Room,Boom! Shake the Room,DJ Jazzy Jeff and The Fresh Prince,x,1990,1993-75
80,1993,https://en.wikipedia.org/wiki/How_Do_You_Talk_to_an_Angel,How Do You Talk to an Angel,The Heights,x,1990,1993-80
88,1993,https://en.wikipedia.org/wiki/O-o-h_Child,O-o-h Child,Dino,x,1990,1993-88
93,1993,https://en.wikipedia.org/wiki/Three_Little_Pigs_(song),Three Little Pigs,Green Jellÿ,x,1990,1993-93
97,1993,https://en.wikipedia.org/wiki/Anniversary_(song),Anniversary,Tony! Toni! Tone!,x,1990,1993-97
6,1994,https://en.wikipedia.org/wiki/Stay_(I_Missed_You),Stay (I Missed You),Lisa Loeb and Nine Stories,x,1990,1994-6
8,1994,https://en.wikipedia.org/wiki/All_for_Love_(song),All for Love,Bryan Adams,x,1990,1994-8
11,1994,https://en.wikipedia.org/wiki/Bump_n%27_Grind_(R._Kelly_song),Bump n' Grind,R. Kelly,x,1990,1994-11
13,1994,https://en.wikipedia.org/wiki/I%27ll_Remember,I'll Remember,Madonna,x,1990,1994-13
16,1994,https://en.wikipedia.org/wiki/Without_You_(Badfinger_song)#Mariah_Carey_version,Without You / Never Forget You,Mariah Carey,x,1990,1994-16
18,1994,https://en.wikipedia.org/wiki/Can_You_Feel_the_Love_Tonight,Can You Feel the Love Tonight,Elton John,x,1990,1994-18
19,1994,https://en.wikipedia.org/wiki/The_Most_Beautiful_Girl_in_the_World_(Prince_song),The Most Beautiful Girl in the World,Prince,x,1990,1994-19
27,1994,https://en.wikipedia.org/wiki/Please_Forgive_Me,Please Forgive Me,Bryan Adams,x,1990,1994-27
40,1994,https://en.wikipedia.org/wiki/Because_the_Night,Because the Night,"10,000 Maniacs",x,1990,1994-40
46,1994,https://en.wikipedia.org/wiki/100%25_Pure_Love,100% Pure Love,Crystal Waters,x,1990,1994-46
49,1994,https://en.wikipedia.org/wiki/Linger_(song),Linger,The Cranberries,x,1990,1994-49
61,1994,https://en.wikipedia.org/wiki/Keep_Ya_Head_Up,Keep Ya Head Up,2Pac,x,1990,1994-61
62,1994,https://en.wikipedia.org/wiki/What%27s_My_Name%3F_(Snoop_Doggy_Dogg_song),What's My Name?,Snoop Doggy Dogg,x,1990,1994-62
64,1994,https://en.wikipedia.org/wiki/Your_Body%27s_Callin%27,Your Body's Callin',R. Kelly,x,1990,1994-64
65,1994,https://en.wikipedia.org/wiki/Tootsee_Roll,Tootsee Roll,69 Boyz,x,1990,1994-65
84,1994,https://en.wikipedia.org/wiki/Secret_(Madonna_song),Secret,Madonna,x,1990,1994-84
88,1994,,Got Me Waiting,Heavy D and the Boyz,x,1990,1994-88
8,1995,https://en.wikipedia.org/wiki/Take_a_Bow_(Madonna_song),Take a Bow,Madonna,x,1990,1995-8
9,1995,https://en.wikipedia.org/wiki/Don%27t_Take_It_Personal_(Just_One_of_Dem_Days),Don't Take It Personal (Just One of Dem Days),Monica,x,1990,1995-9
16,1995,https://en.wikipedia.org/wiki/Have_You_Ever_Really_Loved_a_Woman%3F,Have You Ever Really Loved a Woman?,Bryan Adams,x,1990,1995-16
23,1995,https://en.wikipedia.org/wiki/One_More_Chance_(The_Notorious_B.I.G._song),One More Chance,The Notorious B.I.G.,x,1990,1995-23
32,1995,https://en.wikipedia.org/wiki/Someone_to_Love_(Jon_B._song),Someone to Love,Jon B.,x,1990,1995-32
38,1995,https://en.wikipedia.org/wiki/Run_Away_(Real_McCoy_song),Run Away,Real McCoy,x,1990,1995-38
39,1995,https://en.wikipedia.org/wiki/As_I_Lay_Me_Down,As I Lay Me Down,Sophie B. Hawkins,x,1990,1995-39
42,1995,https://en.wikipedia.org/wiki/I%27ll_Be_There_for_You/You%27re_All_I_Need_to_Get_By,I'll Be There for You/You're All I Need to Get By,Method Man,x,1990,1995-42
47,1995,https://en.wikipedia.org/wiki/Big_Poppa,Big Poppa,The Notorious B.I.G.,x,1990,1995-47
48,1995,https://en.wikipedia.org/wiki/Sukiyaki_(song),Sukiyaki,4 P.M.,x,1990,1995-48
51,1995,https://en.wikipedia.org/wiki/Dear_Mama,Dear Mama,2Pac,x,1990,1995-51
52,1995,,Hold On,Jamie Walters,x,1990,1995-52
53,1995,https://en.wikipedia.org/wiki/Keep_Their_Heads_Ringin%27,Keep Their Heads Ringin',Dr. Dre,x,1990,1995-53
57,1995,https://en.wikipedia.org/wiki/Freek%27n_You,Freek'n You,Jodeci,x,1990,1995-57
63,1995,https://en.wikipedia.org/wiki/Tootsee_Roll,Tootsee Roll,69 Boyz,x,1990,1995-63
71,1995,https://en.wikipedia.org/wiki/Secret_(Madonna_song),Secret,Madonna,x,1990,1995-71
72,1995,https://en.wikipedia.org/wiki/Player%27s_Anthem,Player's Anthem,Junior M.A.F.I.A.,x,1990,1995-72
76,1995,https://en.wikipedia.org/wiki/Short_Dick_Man,Short Dick Man,20 Fingers,x,1990,1995-76
82,1995,https://en.wikipedia.org/wiki/100%25_Pure_Love,100% Pure Love,Crystal Waters,x,1990,1995-82
95,1995,https://en.wikipedia.org/wiki/I%27ll_Stand_by_You,I'll Stand by You,The Pretenders,x,1990,1995-95
96,1995,https://en.wikipedia.org/wiki/I_Miss_You_(N_II_U_song),I Miss You,N II U,x,1990,1995-96
1,1996,https://en.wikipedia.org/wiki/Macarena_(song),Macarena (Bayside Boys Mix),Los del Río,x,1990,1996-1
4,1996,https://en.wikipedia.org/wiki/Nobody_Knows_(Tony_Rich_song),Nobody Knows,The Tony Rich Project,x,1990,1996-4
9,1996,https://en.wikipedia.org/wiki/You%27re_Makin%27_Me_High,You're Makin' Me High / Let It Flow,Toni Braxton,x,1990,1996-9
15,1996,https://en.wikipedia.org/wiki/Follow_You_Down,Follow You Down / Til I Hear It from You,Gin Blossoms,x,1990,1996-15
17,1996,https://en.wikipedia.org/wiki/How_Do_U_Want_It,How Do U Want It / California Love,2Pac,x,1990,1996-17
27,1996,https://en.wikipedia.org/wiki/I_Can%27t_Sleep_Baby_(If_I),I Can't Sleep Baby (If I),R. Kelly,x,1990,1996-27
29,1996,https://en.wikipedia.org/wiki/You_Learn,You Learn / You Oughta Know,Alanis Morissette,x,1990,1996-29
32,1996,https://en.wikipedia.org/wiki/Not_Gon%27_Cry,Not Gon' Cry,Mary J. Blige,x,1990,1996-32
34,1996,https://en.wikipedia.org/wiki/Only_You_(112_song),Only You,112,x,1990,1996-34
35,1996,https://en.wikipedia.org/wiki/Down_Low_(Nobody_Has_to_Know),Down Low (Nobody Has to Know),R. Kelly,x,1990,1996-35
38,1996,https://en.wikipedia.org/wiki/Before_You_Walk_Out_of_My_Life,Before You Walk Out of My Life / Like This and Like That,Monica,x,1990,1996-38
43,1996,https://en.wikipedia.org/wiki/Anything_(3T_song),Anything,3T,x,1990,1996-43
44,1996,https://en.wikipedia.org/wiki/1979_(song),1979,The Smashing Pumpkins,x,1990,1996-44
46,1996,https://en.wikipedia.org/wiki/Why_I_Love_You_So_Much,Why I Love You So Much / Ain't Nobody,Monica,x,1990,1996-46
47,1996,,Kissin' You,Total,x,1990,1996-47
51,1996,https://en.wikipedia.org/wiki/You%27ll_See,You'll See,Madonna,x,1990,1996-51
64,1996,https://en.wikipedia.org/wiki/Tonite%27s_tha_Night,Tonite's tha Night ,Kris Kross,x,1990,1996-64
65,1996,https://en.wikipedia.org/wiki/Children_(Robert_Miles_song),Children,Robert Miles,x,1990,1996-65
74,1996,https://en.wikipedia.org/wiki/Old_Man_%26_Me_(When_I_Get_To_Heaven),Old Man and Me (When I Get To Heaven),Hootie and the Blowfish,x,1990,1996-74
76,1996,https://en.wikipedia.org/wiki/As_I_Lay_Me_Down,As I Lay Me Down,Sophie B. Hawkins,x,1990,1996-76
77,1996,"https://en.wikipedia.org/wiki/Keep_On,_Keepin%27_On_(MC_Lyte_song)","Keep On, Keepin' On",MC Lyte,x,1990,1996-77
83,1996,https://en.wikipedia.org/wiki/You_Remind_Me_of_Something,You Remind Me of Something,R. Kelly,x,1990,1996-83
89,1996,https://en.wikipedia.org/wiki/Get_Money_(Junior_M.A.F.I.A._song),Get Money,Junior M.A.F.I.A.,x,1990,1996-89
98,1996,https://en.wikipedia.org/wiki/Macarena_(song),Macarena,Los del Río,x,1990,1996-98
1,1997,https://en.wikipedia.org/wiki/Something_About_the_Way_You_Look_Tonight,Something About the Way You Look Tonight / Candle in the Wind 1997,Elton John,x,1990,1997-1
2,1997,https://en.wikipedia.org/wiki/Foolish_Games,Foolish Games / You Were Meant for Me,Jewel,x,1990,1997-2
6,1997,https://en.wikipedia.org/wiki/I_Believe_I_Can_Fly,I Believe I Can Fly,R. Kelly,x,1990,1997-6
7,1997,https://en.wikipedia.org/wiki/Don%27t_Let_Go_(Love),Don't Let Go (Love),En Vogue,x,1990,1997-7
15,1997,https://en.wikipedia.org/wiki/Bitch_(Meredith_Brooks_song),Bitch,Meredith Brooks,x,1990,1997-15
16,1997,https://en.wikipedia.org/wiki/Nobody_(Keith_Sweat_song),Nobody_(Keith_Sweat_song),Keith Sweat,x,1990,1997-16
20,1997,https://en.wikipedia.org/wiki/Mo_Money_Mo_Problems,Mo Money Mo Problems,The Notorious B.I.G.,x,1990,1997-20
24,1997,,I Belong to You (Every Time I See Your Face),Rome,x,1990,1997-24
25,1997,https://en.wikipedia.org/wiki/Hypnotize_(The_Notorious_B.I.G._song),Hypnotize,The Notorious B.I.G.,x,1990,1997-25
37,1997,https://en.wikipedia.org/wiki/Jock_Jam,The Jock Jam,,x,1990,1997-37
38,1997,https://en.wikipedia.org/wiki/Cupid_(112_song),Cupid,112,x,1990,1997-38
39,1997,https://en.wikipedia.org/wiki/Where_Have_All_the_Cowboys_Gone%3F,Where Have All the Cowboys Gone?,Paula Cole,x,1990,1997-39
42,1997,https://en.wikipedia.org/wiki/Ooh_Aah..._Just_a_Little_Bit,Ooh Aah... Just a Little Bit,Gina G,x,1990,1997-42
46,1997,https://en.wikipedia.org/wiki/Invisible_Man_(song),Invisible Man,98 Degrees,x,1990,1997-46
49,1997,https://en.wikipedia.org/wiki/Get_It_Together_(702_song),Get It Together,702,x,1990,1997-49
59,1997,https://en.wikipedia.org/wiki/Up_Jumps_da_Boogie,Up Jumps da Boogie,Timbaland and Magoo,x,1990,1997-59
60,1997,https://en.wikipedia.org/wiki/I_Don%27t_Want_To,I Don't Want To / I Love Me Some Him,Toni Braxton,x,1990,1997-60
69,1997,https://en.wikipedia.org/wiki/My_Baby_Daddy,My Baby Daddy,B-Rock and the Bizz,x,1990,1997-69
71,1997,https://en.wikipedia.org/wiki/Gotham_City_(song),Gotham City,R. Kelly,x,1990,1997-71
82,1997,https://en.wikipedia.org/wiki/Macarena_(song),Macarena (Bayside Boys Mix),Los del Río,x,1990,1997-82
92,1997,https://en.wikipedia.org/wiki/Coco_Jambo,Coco Jambo,Mr. President,x,1990,1997-92
95,1997,https://en.wikipedia.org/wiki/When_You%27re_Gone_(The_Cranberries_song),When You're Gone / Free to Decide,The Cranberries,x,1990,1997-95
97,1997,https://en.wikipedia.org/wiki/I_Like_It_Like_That_(Pete_Rodriguez_song)#The_Blackout_All-Stars_version,I Like It,The Blackout All-Stars,x,1990,1997-97
98,1997,https://en.wikipedia.org/wiki/You%27re_Makin%27_Me_High,You're Makin' Me High / Let It Flow,Toni Braxton,x,1990,1997-98
6,1998,https://en.wikipedia.org/wiki/Together_Again_(Janet_Jackson_song),Together Again,Janet,x,1990,1998-6
7,1998,https://en.wikipedia.org/wiki/All_My_Life_(K-Ci_%26_JoJo_song),All My Life,K-Ci and JoJo,x,1990,1998-7
8,1998,https://en.wikipedia.org/wiki/Candle_in_the_Wind_1997,Candle in the Wind 1997,Elton John,x,1990,1998-8
32,1998,https://en.wikipedia.org/wiki/Frozen_(Madonna_song),Frozen,Madonna,x,1990,1998-32
38,1998,https://en.wikipedia.org/wiki/When_the_Lights_Go_Out,When the Lights Go Out,Five,x,1990,1998-38
39,1998,https://en.wikipedia.org/wiki/They_Don%27t_Know_(Jon_B_song),They Don't Know,Jon B.,x,1990,1998-39
47,1998,https://en.wikipedia.org/wiki/Come_with_Me_(Puff_Daddy_song),Come with Me,Puff Daddy,x,1990,1998-47
48,1998,https://en.wikipedia.org/wiki/Romeo_and_Juliet_(Sylk-E._Fyne_song),Romeo and Juliet,Sylk-E. Fyne,x,1990,1998-48
49,1998,https://en.wikipedia.org/wiki/It%27s_All_About_Me,It's All About Me,Mýa,x,1990,1998-49
52,1998,https://en.wikipedia.org/wiki/Swing_My_Way,Swing My Way,K. P. and Envyi,x,1990,1998-52
65,1998,https://en.wikipedia.org/wiki/Are_You_Jimmy_Ray%3F,Are You Jimmy Ray?,Jimmy Ray,x,1990,1998-65
70,1998,https://en.wikipedia.org/wiki/Ghetto_Supastar_(That_Is_What_You_Are),Ghetto Supastar (That Is What You Are),Pras Michel,x,1990,1998-70
73,1998,https://en.wikipedia.org/wiki/Turn_It_Up_(Remix)/Fire_It_Up,Turn It Up (Remix)/Fire It Up,Busta Rhymes,x,1990,1998-73
75,1998,https://en.wikipedia.org/wiki/Ray_of_Light,Ray of Light,Madonna,x,1990,1998-75
78,1998,"https://en.wikipedia.org/wiki/Money,_Power_%26_Respect_(song)","Money, Power and Respect",The LOX,x,1990,1998-78
79,1998,https://en.wikipedia.org/wiki/Bitter_Sweet_Symphony,Bitter Sweet Symphony,The Verve,x,1990,1998-79
82,1998,https://en.wikipedia.org/wiki/Because_of_You_(98_Degrees_song),Because of You,98 Degrees,x,1990,1998-82
87,1998,https://en.wikipedia.org/wiki/Foolish_Games,Foolish Games / You Were Meant for Me,Jewel,x,1990,1998-87
89,1998,https://en.wikipedia.org/wiki/Do_for_Love,Do for Love,2Pac,x,1990,1998-89
11,1999,https://en.wikipedia.org/wiki/Where_My_Girls_At%3F,Where My Girls At?,702,x,1990,1999-11
14,1999,https://en.wikipedia.org/wiki/Have_You_Ever%3F,Have You Ever?,Brandy,x,1990,1999-14
16,1999,https://en.wikipedia.org/wiki/I%27m_Your_Angel,I'm Your Angel,R. Kelly,x,1990,1999-16
27,1999,https://en.wikipedia.org/wiki/What%27s_It_Gonna_Be%3F!,What's It Gonna Be?!,Busta Rhymes,x,1990,1999-27
37,1999,https://en.wikipedia.org/wiki/The_Hardest_Thing_(98_Degrees_song),The Hardest Thing,98 Degrees,x,1990,1999-37
47,1999,https://en.wikipedia.org/wiki/Anywhere_(112_song),Anywhere,112,x,1990,1999-47
48,1999,https://en.wikipedia.org/wiki/Tell_Me_It%27s_Real,Tell Me It's Real,K-Ci and JoJo,x,1990,1999-48
68,1999,https://en.wikipedia.org/wiki/I_Do_(Cherish_You),I Do (Cherish You),98 Degrees,x,1990,1999-68
69,1999,https://en.wikipedia.org/wiki/Because_of_You_(98_Degrees_song),Because of You,98 Degrees,x,1990,1999-69
75,1999,https://en.wikipedia.org/wiki/Back_That_Azz_Up,Back That Azz Up,Juvenile,x,1990,1999-75
83,1999,https://en.wikipedia.org/wiki/When_a_Woman%27s_Fed_Up,When a Woman's Fed Up,R. Kelly,x,1990,1999-83
93,1999,https://en.wikipedia.org/wiki/A_Lesson_in_Leavin%27#Jo_Dee_Messina_version,A Lesson in Leavin',Jo Dee Messina,x,1990,1999-93
14,2000,https://en.wikipedia.org/wiki/Thong_Song,Thong Song,Sisqó,x,2000,2000-14
15,2000,https://en.wikipedia.org/wiki/Kryptonite_(3_Doors_Down_song),Kryptonite,3 Doors Down,x,2000,2000-15
17,2000,https://en.wikipedia.org/wiki/Music_(Madonna_song),Music,Madonna,x,2000,2000-17
25,2000,https://en.wikipedia.org/wiki/Incomplete_(Sisq%C3%B3_song),Incomplete,Sisqó,x,2000,2000-25
29,2000,https://en.wikipedia.org/wiki/Country_Grammar_(Hot_Shit),Country Grammar (Hot Shit),Nelly,x,2000,2000-29
38,2000,https://en.wikipedia.org/wiki/Come_On_Over_Baby_(All_I_Want_Is_You),Come On Over Baby (All I Want Is You),Christina Aguilera,x,2000,2000-38
57,2000,https://en.wikipedia.org/wiki/Give_Me_Just_One_Night_(Una_Noche),Give Me Just One Night (Una Noche),98 Degrees,x,2000,2000-57
68,2000,https://en.wikipedia.org/wiki/Shake_Ya_Ass,Shake Ya Ass,Mystikal,x,2000,2000-68
72,2000,https://en.wikipedia.org/wiki/Case_of_the_Ex,Case of the Ex,Mýa,x,2000,2000-72
73,2000,https://en.wikipedia.org/wiki/Forgot_About_Dre,Forgot About Dre,Dr. Dre,x,2000,2000-73
76,2000,https://en.wikipedia.org/wiki/The_Next_Episode,The Next Episode,Dr. Dre,x,2000,2000-76
82,2000,https://en.wikipedia.org/wiki/How_Do_You_Like_Me_Now%3F!_(song),How Do You Like Me Now?!,Toby Keith,x,2000,2000-82
92,2000,,24-Jul,Kevon Edmonds,x,2000,2000-92
97,2000,https://en.wikipedia.org/wiki/Independent_Women,Independent Women,Destiny's Child,x,2000,2000-97
3,2001,https://en.wikipedia.org/wiki/All_for_You_(Janet_Jackson_song),All for You,Janet,x,2000,2001-3
4,2001,https://en.wikipedia.org/wiki/Drops_of_Jupiter_(Tell_Me),Drops of Jupiter (Tell Me),Train,x,2000,2001-4
10,2001,https://en.wikipedia.org/wiki/Independent_Women,Independent Women,Destiny's Child,x,2000,2001-10
16,2001,https://en.wikipedia.org/wiki/Where_the_Party_At,Where the Party At,Jagged Edge,x,2000,2001-16
20,2001,https://en.wikipedia.org/wiki/Peaches_%26_Cream_(112_song),Peaches and Cream,112,x,2000,2001-20
22,2001,https://en.wikipedia.org/wiki/What_Would_You_Do%3F_(City_High_song),What Would You Do?,City High,x,2000,2001-22
31,2001,https://en.wikipedia.org/wiki/Family_Affair_(Mary_J._Blige_song),Family Affair,Mary J. Blige,x,2000,2001-31
34,2001,https://en.wikipedia.org/wiki/Don%27t_Tell_Me_(Madonna_song),Don't Tell Me,Madonna,x,2000,2001-34
36,2001,https://en.wikipedia.org/wiki/Crazy_(K-Ci_and_JoJo_song),Crazy,K-Ci and JoJo,x,2000,2001-36
38,2001,https://en.wikipedia.org/wiki/Someone_to_Call_My_Lover,Someone to Call My Lover,Janet,x,2000,2001-38
40,2001,https://en.wikipedia.org/wiki/Case_of_the_Ex,Case of the Ex,Mýa,x,2000,2001-40
44,2001,https://en.wikipedia.org/wiki/Kryptonite_(3_Doors_Down_song),Kryptonite,3 Doors Down,x,2000,2001-44
45,2001,https://en.wikipedia.org/wiki/Fiesta_(R._Kelly_song),Fiesta,R. Kelly,x,2000,2001-45
52,2001,https://en.wikipedia.org/wiki/Izzo_(H.O.V.A.),Izzo (H.O.V.A.),Jay-Z,x,2000,2001-52
53,2001,https://en.wikipedia.org/wiki/Superwoman_Pt._II,Superwoman Pt. II,Lil' Mo,x,2000,2001-53
54,2001,https://en.wikipedia.org/wiki/Crazy_for_This_Girl,Crazy for This Girl,Evan and Jaron,x,2000,2001-54
68,2001,https://en.wikipedia.org/wiki/It%27s_Over_Now_(112_song),It's Over Now,112,x,2000,2001-68
69,2001,https://en.wikipedia.org/wiki/No_More_(Baby_I%27ma_Do_Right),No More (Baby I'ma Do Right),3LW,x,2000,2001-69
79,2001,https://en.wikipedia.org/wiki/Livin%27_It_Up_(Ja_Rule_song),Livin' It Up,Ja Rule,x,2000,2001-79
81,2001,https://en.wikipedia.org/wiki/Contagious_(song),Contagious,The Isley Brothers,x,2000,2001-81
87,2001,https://en.wikipedia.org/wiki/I_Wish_(R._Kelly_song),I Wish,R. Kelly,x,2000,2001-87
96,2001,https://en.wikipedia.org/wiki/Be_Like_That,Be Like That,3 Doors Down,x,2000,2001-96
100,2001,https://en.wikipedia.org/wiki/Hemorrhage_(In_My_Hands),Hemorrhage (In My Hands),Fuel,x,2000,2001-100
8,2002,https://en.wikipedia.org/wiki/What%27s_Luv%3F,What's Luv?,Fat Joe,x,2000,2002-8
15,2002,https://en.wikipedia.org/wiki/I_Need_a_Girl_(Part_One),I Need a Girl (Part One),P. Diddy,x,2000,2002-15
17,2002,https://en.wikipedia.org/wiki/Family_Affair_(Mary_J._Blige_song),Family Affair,Mary J. Blige,x,2000,2002-17
18,2002,https://en.wikipedia.org/wiki/I_Need_a_Girl_(Part_Two),I Need a Girl (Part Two),P. Diddy,x,2000,2002-18
19,2002,https://en.wikipedia.org/wiki/Gangsta_Lovin%27,Gangsta Lovin',Eve,x,2000,2002-19
21,2002,https://en.wikipedia.org/wiki/Without_Me_(Eminem_song),Without Me,Eminem,x,2000,2002-21
37,2002,https://en.wikipedia.org/wiki/Nothin%27_(song),Nothin',N.O.R.E.,x,2000,2002-37
46,2002,https://en.wikipedia.org/wiki/Superman_(It%27s_Not_Easy),Superman (It's Not Easy),Five for Fighting,x,2000,2002-46
49,2002,"https://en.wikipedia.org/wiki/Lights,_Camera,_Action!","Lights, Camera, Action!",Mr. Cheeks,x,2000,2002-49
55,2002,https://en.wikipedia.org/wiki/Move_Bitch,Move Bitch,Ludacris,x,2000,2002-55
65,2002,https://en.wikipedia.org/wiki/What_About_Us%3F_(Brandy_Norwood_song),What About Us?,Brandy,x,2000,2002-65
67,2002,https://en.wikipedia.org/wiki/Rainy_Dayz,Rainy Dayz,Mary J. Blige,x,2000,2002-67
76,2002,https://en.wikipedia.org/wiki/Livin%27_It_Up_(Ja_Rule_song),Livin' It Up,Ja Rule,x,2000,2002-76
77,2002,https://en.wikipedia.org/wiki/Rollout_(My_Business),Rollout (My Business),Ludacris,x,2000,2002-77
79,2002,https://en.wikipedia.org/wiki/No_More_Drama,No More Drama,Mary J. Blige,x,2000,2002-79
86,2002,https://en.wikipedia.org/wiki/Drive_(For_Daddy_Gene),Drive (For Daddy Gene),Alan Jackson,x,2000,2002-86
1,2003,https://en.wikipedia.org/wiki/In_da_Club,In da Club,50 Cent,x,2000,2003-1
2,2003,https://en.wikipedia.org/wiki/Ignition_(song),Ignition (Remix),R. Kelly,x,2000,2003-2
5,2003,https://en.wikipedia.org/wiki/When_I%27m_Gone_(3_Doors_Down_song),When I'm Gone,3 Doors Down,x,2000,2003-5
11,2003,https://en.wikipedia.org/wiki/Get_Low_(Lil_Jon_%26_the_East_Side_Boyz_song),Get Low,Lil Jon and The East Side Boyz,x,2000,2003-11
13,2003,https://en.wikipedia.org/wiki/Shake_Ya_Tailfeather,Shake Ya Tailfeather,Nelly,x,2000,2003-13
14,2003,https://en.wikipedia.org/wiki/21_Questions,21 Questions,50 Cent,x,2000,2003-14
21,2003,https://en.wikipedia.org/wiki/P.I.M.P.,P.I.M.P.,50 Cent,x,2000,2003-21
26,2003,https://en.wikipedia.org/wiki/Where_Is_the_Love%3F,Where Is the Love?,The Black Eyed Peas,x,2000,2003-26
37,2003,https://en.wikipedia.org/wiki/%2703_Bonnie_%26_Clyde,03 Bonnie and Clyde,Jay-Z,x,2000,2003-37
41,2003,"https://en.wikipedia.org/wiki/Never_Leave_You_(Uh_Oooh,_Uh_Oooh)","Never Leave You (Uh Oooh, Uh Oooh)",Lumidee,x,2000,2003-41
56,2003,https://en.wikipedia.org/wiki/Are_You_Happy_Now%3F,Are You Happy Now?,Michelle Branch,x,2000,2003-56
61,2003,https://en.wikipedia.org/wiki/Thoia_Thoing,Thoia Thoing,R. Kelly,x,2000,2003-61
62,2003,https://en.wikipedia.org/wiki/Here_Without_You,Here Without You,3 Doors Down,x,2000,2003-62
63,2003,https://en.wikipedia.org/wiki/Wanksta,Wanksta,50 Cent,x,2000,2003-63
64,2003,https://en.wikipedia.org/wiki/My_Love_Is_Like...Wo,My Love Is Like...Wo,Mýa,x,2000,2003-64
73,2003,https://en.wikipedia.org/wiki/Intuition_(song),Intuition,Jewel,x,2000,2003-73
76,2003,https://en.wikipedia.org/wiki/Holidae_In,Holidae In,Chingy,x,2000,2003-76
78,2003,https://en.wikipedia.org/wiki/Love_of_My_Life_(An_Ode_to_Hip-Hop),Love of My Life (An Ode to Hip-Hop),Erykah Badu,x,2000,2003-78
80,2003,https://en.wikipedia.org/wiki/Thugz_Mansion,Thugz Mansion,2Pac,x,2000,2003-80
90,2003,https://en.wikipedia.org/wiki/Have_You_Forgotten%3F_(song),Have You Forgotten?,Darryl Worley,x,2000,2003-90
94,2003,https://en.wikipedia.org/wiki/Step_in_the_Name_of_Love,Step in the Name of Love,R. Kelly,x,2000,2003-94
95,2003,https://en.wikipedia.org/wiki/I_Want_You_(Thal%C3%ADa_song),I Want You,Thalía,x,2000,2003-95
12,2004,https://en.wikipedia.org/wiki/Confessions_Part_II,Confessions Part II,Usher,x,2000,2004-12
15,2004,https://en.wikipedia.org/wiki/Here_Without_You,Here Without You,3 Doors Down,x,2000,2004-15
62,2004,https://en.wikipedia.org/wiki/Why%3F_(Jadakiss_song),Why?,Jadakiss,x,2000,2004-62
63,2004,https://en.wikipedia.org/wiki/Fuck_It_(I_Don%27t_Want_You_Back),Fuck It (I Don't Want You Back),Eamon,x,2000,2004-63
70,2004,https://en.wikipedia.org/wiki/Get_Low_(Lil_Jon_%26_the_East_Side_Boyz_song),Get Low,Lil Jon and the East Side Boyz,x,2000,2004-70
78,2004,https://en.wikipedia.org/wiki/Step_in_the_Name_of_Love,Step in the Name of Love,R. Kelly,x,2000,2004-78
87,2004,https://en.wikipedia.org/wiki/Holidae_In,Holidae In,Chingy,x,2000,2004-87
88,2004,https://en.wikipedia.org/wiki/Let%27s_Get_It_Started,Let's Get It Started,The Black Eyed Peas,x,2000,2004-88
92,2004,https://en.wikipedia.org/wiki/Don%27t_Tell_Me_(Avril_Lavigne_song),Don't Tell Me,Avril Lavigne,x,2000,2004-92
94,2004,https://en.wikipedia.org/wiki/Happy_People_(R._Kelly_song),Happy People,R. Kelly,x,2000,2004-94
95,2004,https://en.wikipedia.org/wiki/Hey_Mama_(The_Black_Eyed_Peas_song),Hey Mama,The Black Eyed Peas,x,2000,2004-95
8,2005,https://en.wikipedia.org/wiki/Candy_Shop_(50_Cent_song),Candy Shop,50 Cent,x,2000,2005-8
11,2005,https://en.wikipedia.org/wiki/Disco_Inferno_(50_Cent_song),Disco Inferno,50 Cent,x,2000,2005-11
13,2005,https://en.wikipedia.org/wiki/Don%27t_Phunk_with_My_Heart,Don't Phunk with My Heart,The Black Eyed Peas,x,2000,2005-13
16,2005,https://en.wikipedia.org/wiki/Mr._Brightside,Mr. Brightside,The Killers,x,2000,2005-16
17,2005,https://en.wikipedia.org/wiki/Just_a_Lil_Bit,Just a Lil Bit,50 Cent,x,2000,2005-17
25,2005,https://en.wikipedia.org/wiki/Lovers_%26_Friends,Lovers and Friends,Lil Jon,x,2000,2005-25
32,2005,https://en.wikipedia.org/wiki/My_Humps,My Humps,The Black Eyed Peas,x,2000,2005-32
38,2005,https://en.wikipedia.org/wiki/Let_Me_Go_(3_Doors_Down_song),Let Me Go,3 Doors Down,x,2000,2005-38
47,2005,https://en.wikipedia.org/wiki/Slow_Down_(Bobby_Valentino_song),Slow Down,Bobby Valentino,x,2000,2005-47
63,2005,https://en.wikipedia.org/wiki/Wait_(The_Whisper_Song),Wait (The Whisper Song),Ying Yang Twins,x,2000,2005-63
65,2005,https://en.wikipedia.org/wiki/Bring_Em_Out_(song),Bring Em Out,T.I.,x,2000,2005-65
78,2005,https://en.wikipedia.org/wiki/Outta_Control_Remix,Outta Control,50 Cent,x,2000,2005-78
79,2005,https://en.wikipedia.org/wiki/U_Don%27t_Know_Me_(T.I._song),U Don't Know Me,T.I.,x,2000,2005-79
81,2005,https://en.wikipedia.org/wiki/Don%27t_Lie,Don't Lie,The Black Eyed Peas,x,2000,2005-81
93,2005,https://en.wikipedia.org/wiki/Numb/Encore,Numb/Encore,Jay-Z,x,2000,2005-93
97,2005,https://en.wikipedia.org/wiki/U_Already_Know,U Already Know,112,x,2000,2005-97
11,2006,https://en.wikipedia.org/wiki/Be_Without_You,Be Without You,Mary J. Blige,x,2000,2006-11
14,2006,https://en.wikipedia.org/wiki/Me_%26_U_(Cassie),Me and U,Cassie,x,2000,2006-14
15,2006,https://en.wikipedia.org/wiki/Buttons_(song),Buttons,Pussycat Dolls,x,2000,2006-15
20,2006,https://en.wikipedia.org/wiki/I_Write_Sins_Not_Tragedies,I Write Sins Not Tragedies,Panic! at the Disco,x,2000,2006-20
21,2006,https://en.wikipedia.org/wiki/Move_Along_(song),Move Along,The All-American Rejects,x,2000,2006-21
40,2006,https://en.wikipedia.org/wiki/Stickwitu,Stickwitu,Pussycat Dolls,x,2000,2006-40
42,2006,https://en.wikipedia.org/wiki/My_Humps,My Humps,The Black Eyed Peas,x,2000,2006-42
47,2006,https://en.wikipedia.org/wiki/What_You_Know,What You Know,T.I.,x,2000,2006-47
48,2006,https://en.wikipedia.org/wiki/Dirty_Little_Secret,Dirty Little Secret,The All-American Rejects,x,2000,2006-48
75,2006,https://en.wikipedia.org/wiki/D%C3%A9j%C3%A0_Vu_(Beyonc%C3%A9_Knowles_song),Dejà Vu,beyonce,x,2000,2006-75
84,2006,https://en.wikipedia.org/wiki/Beep_(The_Pussycat_Dolls_song),Beep,Pussycat Dolls,x,2000,2006-84
89,2006,https://en.wikipedia.org/wiki/Pump_It,Pump It,The Black Eyed Peas,x,2000,2006-89
91,2006,https://en.wikipedia.org/wiki/Hung_Up,Hung Up,Madonna,x,2000,2006-91
95,2006,https://en.wikipedia.org/wiki/Why_You_Wanna,Why You Wanna,T.I.,x,2000,2006-95
14,2007,https://en.wikipedia.org/wiki/Party_Like_a_Rockstar,Party Like a Rockstar,Shop Boyz,x,2000,2007-14
20,2007,https://en.wikipedia.org/wiki/Crank_That_(Soulja_Boy),Crank That (Soulja Boy),Soulja Boy Tell 'Em,x,2000,2007-20
29,2007,https://en.wikipedia.org/wiki/U_%2B_Ur_Hand,U + Ur Hand,Pink,x,2000,2007-29
49,2007,https://en.wikipedia.org/wiki/I%27m_a_Flirt,I'm a Flirt,R. Kelly,x,2000,2007-49
55,2007,https://en.wikipedia.org/wiki/It_Ends_Tonight,It Ends Tonight,The All-American Rejects,x,2000,2007-55
72,2007,https://en.wikipedia.org/wiki/Bed_(song),Bed,J. Holiday,x,2000,2007-72
75,2007,https://en.wikipedia.org/wiki/Big_Shit_Poppin%27_(Do_It),Big Shit Poppin' (Do It),T.I.,x,2000,2007-75
87,2007,https://en.wikipedia.org/wiki/Ayo_Technology,Ayo Technology,50 Cent,x,2000,2007-87
96,2007,https://en.wikipedia.org/wiki/LoveStoned,LoveStoned,Justin Timberlake,x,2000,2007-96
100,2007,https://en.wikipedia.org/wiki/Same_Girl_(R._Kelly_and_Usher_song),Same Girl,R. Kelly,x,2000,2007-100
8,2008,https://en.wikipedia.org/wiki/Love_in_This_Club,Love in This Club,Usher,x,2000,2008-8
11,2008,https://en.wikipedia.org/wiki/Sexy_Can_I,Sexy Can I,Ray J,x,2000,2008-11
15,2008,https://en.wikipedia.org/wiki/Whatever_You_Like_(T.I._song),Whatever You Like,T.I.,x,2000,2008-15
23,2008,https://en.wikipedia.org/wiki/4_Minutes_(Madonna_song),4 Minutes,Madonna,x,2000,2008-23
33,2008,https://en.wikipedia.org/wiki/Stop_and_Stare,Stop and Stare,OneRepublic,x,2000,2008-33
35,2008,https://en.wikipedia.org/wiki/Paper_Planes,Paper Planes,M.I.A.,x,2000,2008-35
37,2008,https://en.wikipedia.org/wiki/Live_Your_Life_(T.I._song),Live Your Life,T.I.,x,2000,2008-37
49,2008,https://en.wikipedia.org/wiki/When_I_Grow_Up_(Pussycat_Dolls_song),When I Grow Up,Pussycat Dolls,x,2000,2008-49
52,2008,https://en.wikipedia.org/wiki/It%27s_Not_My_Time,It's Not My Time,3 Doors Down,x,2000,2008-52
54,2008,https://en.wikipedia.org/wiki/Crank_That_(Soulja_Boy),Crank That (Soulja Boy),Soulja Boy Tell 'Em,x,2000,2008-54
64,2008,https://en.wikipedia.org/wiki/Suffocate_(J._Holiday_song),Suffocate,J. Holiday,x,2000,2008-64
69,2008,https://en.wikipedia.org/wiki/The_Time_of_My_Life_(David_Cook_song),The Time of My Life,David Cook,x,2000,2008-69
82,2008,https://en.wikipedia.org/wiki/Just_Fine,Just Fine,Mary J. Blige,x,2000,2008-82
91,2008,https://en.wikipedia.org/wiki/Mrs._Officer,Mrs. Officer,Lil Wayne,x,2000,2008-91
100,2008,https://en.wikipedia.org/wiki/She_Got_It,She Got It,2 Pistols,x,2000,2008-100
1,2009,https://en.wikipedia.org/wiki/Boom_Boom_Pow,Boom Boom Pow,The Black Eyed Peas,x,2000,2009-1
4,2009,https://en.wikipedia.org/wiki/I_Gotta_Feeling,I Gotta Feeling,The Black Eyed Peas,x,2000,2009-4
10,2009,https://en.wikipedia.org/wiki/Gives_You_Hell,Gives You Hell,The All-American Rejects,x,2000,2009-10
12,2009,https://en.wikipedia.org/wiki/Dead_and_Gone,Dead and Gone,T.I.,x,2000,2009-12
17,2009,https://en.wikipedia.org/wiki/I_Know_You_Want_Me_(Calle_Ocho),I Know You Want Me (Calle Ocho),Pitbull,x,2000,2009-17
18,2009,https://en.wikipedia.org/wiki/Live_Your_Life_(T.I._song),Live Your Life,T.I.,x,2000,2009-18
30,2009,https://en.wikipedia.org/wiki/Don%27t_Trust_Me,Don't Trust Me,3OH!3,x,2000,2009-30
35,2009,https://en.wikipedia.org/wiki/LoveGame,LoveGame,Lady Gaga,x,2000,2009-35
37,2009,https://en.wikipedia.org/wiki/Birthday_Sex,Birthday Sex,Jeremih,x,2000,2009-37
40,2009,https://en.wikipedia.org/wiki/Whatever_You_Like_(T.I._song),Whatever You Like,T.I.,x,2000,2009-40
65,2009,https://en.wikipedia.org/wiki/Break_Up_(song),Break Up,Mario,x,2000,2009-65
80,2009,https://en.wikipedia.org/wiki/Rockin%27_That_Shit,Rockin' That Thang,The-Dream,x,2000,2009-80
86,2009,https://en.wikipedia.org/wiki/How_Do_You_Sleep%3F_(Jesse_McCartney_song),How Do You Sleep?,Jesse McCartney,x,2000,2009-86
97,2009,https://en.wikipedia.org/wiki/Say_Hey_(I_Love_You),Say Hey (I Love You),Michael Franti and Spearhead,x,2000,2009-97
1,2010,https://en.wikipedia.org/wiki/Tik_Tok,Tik Tok,Ke$ha,x,2010,2010-1
6,2010,https://en.wikipedia.org/wiki/Airplanes_(song),Airplanes,B.o.B,x,2010,2010-6
11,2010,https://en.wikipedia.org/wiki/Nothin%27_on_You,Nothin' on You,B.o.B,x,2010,2010-11
20,2010,https://en.wikipedia.org/wiki/Imma_Be,Imma Be,The Black Eyed Peas,x,2010,2010-20
22,2010,https://en.wikipedia.org/wiki/DJ_Got_Us_Fallin%27_in_Love,DJ Got Us Fallin' in Love,Usher,x,2010,2010-22
25,2010,https://en.wikipedia.org/wiki/Live_Like_We%27re_Dying,Live Like We're Dying,,x,2010,2010-25
27,2010,https://en.wikipedia.org/wiki/Sexy_Bitch,Sexy Bitch,David Guetta,x,2010,2010-27
29,2010,https://en.wikipedia.org/wiki/Your_Love_Is_My_Drug,Your Love Is My Drug,Ke$ha,x,2010,2010-29
30,2010,https://en.wikipedia.org/wiki/I_Gotta_Feeling,I Gotta Feeling,The Black Eyed Peas,x,2010,2010-30
48,2010,https://en.wikipedia.org/wiki/Only_Girl_(In_the_World),Only Girl (In the World),Rihanna,x,2010,2010-48
51,2010,https://en.wikipedia.org/wiki/Blah_Blah_Blah_(Kesha_song),Blah Blah Blah,Ke$ha,x,2010,2010-51
58,2010,https://en.wikipedia.org/wiki/Meet_Me_Halfway,Meet Me Halfway,The Black Eyed Peas,x,2010,2010-58
59,2010,https://en.wikipedia.org/wiki/Take_It_Off_(Kesha_song),Take It Off,Ke$ha,x,2010,2010-59
63,2010,https://en.wikipedia.org/wiki/Magic_(B.o.B_song),Magic,B.o.B,x,2010,2010-63
65,2010,https://en.wikipedia.org/wiki/Tie_Me_Down,Tie Me Down,New Boyz,x,2010,2010-65
73,2010,https://en.wikipedia.org/wiki/My_First_Kiss_(song),My First Kiss,3OH!3,x,2010,2010-73
75,2010,https://en.wikipedia.org/wiki/Rock_That_Body,Rock That Body,The Black Eyed Peas,x,2010,2010-75
77,2010,https://en.wikipedia.org/wiki/Naturally_(Selena_Gomez_%26_the_Scene_song),Naturally,Selena Gomez and the Scene,x,2010,2010-77
78,2010,https://en.wikipedia.org/wiki/Un-Thinkable_(I%27m_Ready),Un-Thinkable (I'm Ready),Alicia Keys,x,2010,2010-78
80,2010,https://en.wikipedia.org/wiki/I_Made_It_(Cash_Money_Heroes),I Made It (Cash Money Heroes),Kevin Rudolf,x,2010,2010-80
100,2010,"https://en.wikipedia.org/wiki/Lover,_Lover","Lover, Lover",Jerrod Niemann,x,2010,2010-100
7,2011,https://en.wikipedia.org/wiki/Fuck_You_(Cee_Lo_Green_song),Fuck You,Cee Lo Green,x,2010,2011-7
10,2011,https://en.wikipedia.org/wiki/Just_Can%27t_Get_Enough_(The_Black_Eyed_Peas_song),Just Can't Get Enough,The Black Eyed Peas,x,2010,2011-10
12,2011,https://en.wikipedia.org/wiki/S%26M_(song),SandM,Rihanna,x,2010,2011-12
14,2011,https://en.wikipedia.org/wiki/Last_Friday_Night_(T.G.I.F.),Last Friday Night (T.G.I.F.),Katy Perry,x,2010,2011-14
16,2011,https://en.wikipedia.org/wiki/Tonight_(I%27m_Lovin%27_You),Tonight (I'm Lovin' You),Enrique Iglesias,x,2010,2011-16
20,2011,https://en.wikipedia.org/wiki/What%27s_My_Name%3F_(Rihanna_song),What's My Name?,Rihanna,x,2010,2011-20
29,2011,https://en.wikipedia.org/wiki/The_Edge_of_Glory,The Edge of Glory,Lady Gaga,x,2010,2011-29
30,2011,https://en.wikipedia.org/wiki/We_R_Who_We_R,We R Who We R,Ke$ha,x,2010,2011-30
33,2011,https://en.wikipedia.org/wiki/Blow_(Kesha_song),Blow,Ke$ha,x,2010,2011-33
37,2011,https://en.wikipedia.org/wiki/The_Time_(Dirty_Bit),The Time (Dirty Bit),The Black Eyed Peas,x,2010,2011-37
38,2011,https://en.wikipedia.org/wiki/Coming_Home_(Diddy_%E2%80%93_Dirty_Money_song),Coming Home,Diddy – Dirty Money,x,2010,2011-38
39,2011,https://en.wikipedia.org/wiki/Hey_Baby_(Drop_It_to_the_Floor),Hey Baby (Drop It to the Floor),Pitbull,x,2010,2011-39
40,2011,https://en.wikipedia.org/wiki/Only_Girl_(In_the_World),Only Girl (In the World),Rihanna,x,2010,2011-40
51,2011,https://en.wikipedia.org/wiki/I_Need_a_Doctor,I Need a Doctor,Dr. Dre,x,2010,2011-51
65,2011,https://en.wikipedia.org/wiki/DJ_Got_Us_Fallin%27_in_Love,DJ Got Us Fallin' in Love,Usher,x,2010,2011-65
77,2011,https://en.wikipedia.org/wiki/Cheers_(Drink_to_That),Cheers (Drink to That),Rihanna,x,2010,2011-77
78,2011,https://en.wikipedia.org/wiki/Who_Says_(Selena_Gomez_%26_the_Scene_song),Who Says,Selena Gomez and the Scene,x,2010,2011-78
84,2011,https://en.wikipedia.org/wiki/Backseat_(song),Backseat,New Boyz,x,2010,2011-84
3,2012,https://en.wikipedia.org/wiki/We_Are_Young,We Are Young,fun.,x,2010,2012-3
5,2012,https://en.wikipedia.org/wiki/Lights_(Ellie_Goulding_song),Lights,Ellie Goulding,x,2010,2012-5
14,2012,https://en.wikipedia.org/wiki/Some_Nights_(song),Some Nights,fun.,x,2010,2012-14
16,2012,https://en.wikipedia.org/wiki/Good_Feeling_(song),Good Feeling,Flo Rida,x,2010,2012-16
37,2012,https://en.wikipedia.org/wiki/Blow_Me_(One_Last_Kiss),Blow Me (One Last Kiss),Pink,x,2010,2012-37
40,2012,https://en.wikipedia.org/wiki/Niggas_in_Paris,Niggas in Paris,Jay-Z,x,2010,2012-40
54,2012,https://en.wikipedia.org/wiki/No_Lie,No Lie,2 Chainz,x,2010,2012-54
57,2012,https://en.wikipedia.org/wiki/Dance_(A$$),Dance (A$$),Big Sean,x,2010,2012-57
59,2012,https://en.wikipedia.org/wiki/Brokenhearted_(Karmin_song),Brokenhearted,Karmin,x,2010,2012-59
63,2012,https://en.wikipedia.org/wiki/Work_Out_(song),Work Out,J. Cole,x,2010,2012-63
74,2012,https://en.wikipedia.org/wiki/Let_Me_Love_You_(Until_You_Learn_to_Love_Yourself),Let Me Love You (Until You Learn to Love Yourself),Ne-Yo,x,2010,2012-74
80,2012,https://en.wikipedia.org/wiki/So_Good_(B.o.B_song),So Good,B.o.B,x,2010,2012-80
83,2012,https://en.wikipedia.org/wiki/Love_You_like_a_Love_Song,Love You like a Love Song,Selena Gomez and the Scene,x,2010,2012-83
85,2012,https://en.wikipedia.org/wiki/Die_Young_(Kesha_song),Die Young,Ke$ha,x,2010,2012-85
92,2012,https://en.wikipedia.org/wiki/Cashin%27_Out,Cashin' Out,Ca$h Out,x,2010,2012-92
93,2012,https://en.wikipedia.org/wiki/I_Don%27t_Want_This_Night_to_End,I Don't Want This Night to End,Luke Bryan,x,2010,2012-93
20,2013,https://en.wikipedia.org/wiki/Suit_%26_Tie,Suit and Tie,Justin Timberlake,x,2010,2013-20
23,2013,https://en.wikipedia.org/wiki/Scream_%26_Shout,Scream and Shout,will.i.am,x,2010,2013-23
48,2013,https://en.wikipedia.org/wiki/Power_Trip_(song),Power Trip,J. Cole,x,2010,2013-48
57,2013,https://en.wikipedia.org/wiki/Die_Young_(Kesha_song),Die Young,Ke$ha,x,2010,2013-57
58,2013,https://en.wikipedia.org/wiki/Some_Nights_(song),Some Nights,fun.,x,2010,2013-58
73,2013,https://en.wikipedia.org/wiki/The_Fox_(What_Does_the_Fox_Say%3F),The Fox (What Does the Fox Say?),Ylvis,x,2010,2013-73
75,2013,https://en.wikipedia.org/wiki/The_A_Team_(song),The A Team,Ed Sheeran,x,2010,2013-75
76,2013,https://en.wikipedia.org/wiki/Carry_On_(Fun_song),Carry On,fun.,x,2010,2013-76
81,2013,https://en.wikipedia.org/wiki/Beautiful_(Mariah_Carey_song),#Beautiful,Mariah Carey,x,2010,2013-81
86,2013,https://en.wikipedia.org/wiki/Let_Me_Love_You_(Until_You_Learn_to_Love_Yourself),Let Me Love You (Until You Learn to Love Yourself),Ne-Yo,x,2010,2013-86
95,2013,https://en.wikipedia.org/wiki/ThatPower,#thatPower,will.i.am,x,2010,2013-95
99,2013,https://en.wikipedia.org/wiki/I%27m_Different_(2_Chainz_song),I'm Different,2 Chainz,x,2010,2013-99
7,2014,https://en.wikipedia.org/wiki/Rude_(song),Rude,Magic!,x,2010,2014-7
14,2014,https://en.wikipedia.org/wiki/Am_I_Wrong_(song),Am I Wrong,Nico and Vinz,x,2010,2014-14
15,2014,https://en.wikipedia.org/wiki/Turn_Down_for_What,Turn Down for What,DJ Snake,x,2010,2014-15
32,2014,https://en.wikipedia.org/wiki/Habits_(Stay_High),Habits (Stay High),Tove Lo,x,2010,2014-32
53,2014,https://en.wikipedia.org/wiki/Na_Na_(song),Na Na,Trey Songz,x,2010,2014-53
72,2014,https://en.wikipedia.org/wiki/Lifestyle_(song),Lifestyle,Rich Gang,x,2010,2014-72
82,2014,https://en.wikipedia.org/wiki/La_La_La_(Naughty_Boy_song),La La La,Naughty Boy,x,2010,2014-82
86,2014,https://en.wikipedia.org/wiki/Amnesia_(5_Seconds_of_Summer_song),Amnesia,5 Seconds of Summer,x,2010,2014-86
87,2014,https://en.wikipedia.org/wiki/No_Mediocre,No Mediocre,T.I.,x,2010,2014-87
92,2014,https://en.wikipedia.org/wiki/White_Walls,White Walls,Macklemore and Ryan Lewis,x,2010,2014-92
93,2014,https://en.wikipedia.org/wiki/She_Looks_So_Perfect,She Looks So Perfect,5 Seconds of Summer,x,2010,2014-93
97,2014,https://en.wikipedia.org/wiki/0_to_100_/_The_Catch_Up,0 to 100 / The Catch Up,Drake,x,2010,2014-97
